T1,T2,S1,S2,DIC1,DIC2,TA1,TA2,time,pCO2_surf,pH_surf,Omega_calc_surf,pH_deep,Omega_calc_deep,PICPOC_dynamic,f_diss_dynamic,PIC_burial,POC_burial,J_air,J_air_mmol_m2_day
8.0,2.0,35.0,35.0,2160.0,2160.0,2330.0,2305.0,0.0,,,,,,,,,,,
5.874714568081644,1.6525279919595648,35.094319293661016,34.99145603509027,2162.4637912427106,2160.000039817517,2329.9804186085485,2305.000425801037,0.1,403.9034061920049,8.044230493817693,3.0057818656271835,8.032500632648278,1.9736619383973852,0.06152768912503744,0.1,2.2134073279693e-05,3.997129602126838e-06,24.65722430843642,3.5500674269891483
6.185834934708035,1.708820150600448,35.147493746147404,34.99581771223288,2169.2738185938224,2160.0010662909094,2329.955626360237,2305.000862744651,0.2,374.6737508005092,8.070773327724106,2.9501099148519763,8.038115919708705,1.969326269394565,0.060573312826033884,0.1,0.0005388666570088978,9.884563053856179e-05,68.59648747326096,9.876300460201122
7.218772196604193,2.079676383613886,35.15349409586642,35.004233658296606,2168.9103964697283,2160.0678029039573,2329.5775552653618,2305.0020755001333,0.30000000000000004,396.9714410130236,8.048770020821406,2.8554849149526147,8.03716835426422,1.9699639537285185,0.05895116997061626,0.1,0.035469715102230126,0.006685328650419916,28.658927125021407,4.126219659046688
8.75746832283996,2.5726424183727468,35.11858073445886,35.00810061260292,2157.653707345733,2160.3065836223727,2328.2697837003693,2305.0053251174704,0.4,415.27774501468014,8.03241822058213,2.863354346866748,8.031017027247374,1.9739335297237561,0.059086074517715685,0.1,0.12741886178131484,0.023961062610091195,3.0016766948828604,0.4321717046314131
10.194184053681134,2.9613260382249087,35.0612099775836,35.001900275711485,2153.218538316061,2160.4027983995193,2327.708972074014,2305.006913496454,0.5,416.49498918214243,8.032599005811315,3.0163838563075958,8.022564841018944,1.977855867012139,0.06170943753670165,0.1,0.05366679667565622,0.009662991021202834,2.321897704233026,0.33429932361763265
10.982352100969509,3.0686916589429827,35.00636076933359,34.98497018069174,2150.292129652578,2160.446919540397,2327.437112067995,2305.0078584013268,0.6000000000000001,431.8196992099993,8.020010260561484,3.0860648230292314,8.016265457015898,1.9821192909652618,0.06290396839478682,0.1,0.025141010659113838,0.004440809856794244,-7.836402507251168,-1.1282598940485766
10.820649749238047,2.8323010470569008,34.97681808178361,34.961504063455656,2148.037803976681,2160.4657310757384,2327.3092445428733,2305.0084827596174,0.7000000000000001,438.7546429315745,8.014608165863512,3.1331557944047725,8.014665127220711,1.9834224080174236,0.0637112421897961,0.1,0.01092526204887834,0.0019053434899521503,-13.397401918277348,-1.9289146078005708
9.770855340788996,2.326376579964574,34.984963700344416,34.93876051436581,2146.4876192947354,2160.467238731051,2327.2818916120445,2305.008884307319,0.8,429.8400737360892,8.022351847926647,3.162793421172269,8.018619850170877,1.980556612843714,0.06421931579152461,0.1,0.0009971533323050554,0.0001725256853564672,-14.762415772070254,-2.1254448887081874
8.233940699885402,1.7321113806969224,35.028342595607974,34.92414834219275,2148.0364522670116,2160.4670500845077,2327.2643562160897,2305.0092638597066,0.9,407.3068220226405,8.042049367619088,3.174037999200386,8.026874249434043,1.9743299312605964,0.06441207998629234,0.1,2.861182286918576e-05,4.935551577570668e-06,15.403996005963206,2.2178175362394894
6.796947210789577,1.267455141108989,35.09077779789448,34.922290092504475,2153.3692287405884,2160.466840195197,2327.2471148477543,2305.00964249178,1.0,385.19742741925126,8.062002045433927,3.136012958528155,8.036464630779601,1.9668848100573992,0.06376022214619695,0.1,9.126050315463554e-07,1.590341997683181e-07,53.23228448471729,7.664212193939288
6.008751414930117,1.1031113433378315,35.148655512215754,34.93317647084327,2161.246128812628,2160.4667552275923,2327.229692968797,2305.0100212506763,1.1,374.3598603148505,8.071517459037045,3.0456035683028326,8.043875179766626,1.9609456929477007,0.06221034688519142,0.1,2.0108722147148406e-05,3.5915286968543235e-06,78.73140725602626,11.33549343934081
6.170412753068106,1.2967692912956772,35.18000827877825,34.95210995490863,2171.5258620933196,2160.4675823857,2327.208012973092,2305.010409092644,1.2000000000000002,380.268817120458,8.064639799403645,2.926272163397804,8.04636405834334,1.9586413846532353,0.06016466565824808,0.1,0.00044247432634376255,8.171542798469109e-05,103.19766354090369,14.85806590779153
7.220178662399816,1.7706449867278404,35.172943796457204,34.97145413702497,2170.2403212081786,2160.523236961099,2326.89818585881,2305.0114296922675,1.3,409.02794297182174,8.036689148522944,2.7833636603846594,8.043051549013153,1.9607518695152517,0.057714805606594165,0.1,0.028933463029197744,0.0055701984814432275,14.045615613525623,2.022242319648567
8.75707167654615,2.340874151990989,35.13021011367983,34.98351686019187,2159.9330658086606,2160.728910075662,2325.789917737447,2305.0141998079953,1.4000000000000001,425.368414171996,8.022677253459545,2.805437702261412,8.035146736754973,1.9659133953567998,0.05809321775305279,0.1,0.10789965920192639,0.020637264531290767,-3.6122580288308614,-0.5200812307833385
10.194048974237852,2.7875037746174494,35.06815956525576,34.983463077474276,2155.4433397809603,2160.808300822745,2325.3346005254107,2305.0155182970216,1.5,428.2631743187558,8.02148412910171,2.947463487887619,8.025443783695732,1.9709840181478835,0.060527945506644906,0.1,0.04342702018580135,0.007971895336443095,-6.423983452414395,-0.9249043655790059
10.982232623653493,2.9383279160674673,35.010510864925706,34.97114271390315,2152.0869222494603,2160.8417932580965,2325.1293466834586,2305.0162803736953,1.6,443.42210771999294,8.009467273883864,3.019182500716922,8.018191804114899,1.9760363639411465,0.06175741429800438,0.1,0.01873804475435258,0.003371263185759903,-17.314144421311468,-2.4928345286315583
10.820562176243318,2.734530455663478,34.97929421909615,34.95113376920509,2148.398166862685,2160.859319646884,2325.0125420429017,2305.016844961988,1.7000000000000002,449.0793899911858,8.005342551232456,3.0731566775446804,8.015877519091823,1.977926321604355,0.06268268590076595,0.1,0.010008784445938272,0.0017741536513294492,-28.37430419749394,-4.085240570267266
9.770789435072665,2.253050298238842,34.986439435728414,34.93098301222609,2145.526381387391,2160.8602650566363,2324.9903403504773,2305.0171998986243,1.8,436.0582359711738,8.016492583764977,3.1232671765559687,8.019282936708873,1.975445608343234,0.06354172302667375,0.1,0.0006643126565785009,0.00011616385877138714,-28.252038326543925,-4.067637125513608
8.233891297167679,1.6771179157350091,35.02922087204823,34.91831537300743,2147.390547041785,2160.860041757291,2324.9746552844213,2305.017540172043,1.9000000000000001,409.88770327360226,8.039258455795752,3.1534419481249523,8.027125175007662,1.9695123407048225,0.06405900482499918,0.1,2.1736264947524084e-05,3.7701811889253474e-06,18.541184975315094,2.6694998599710873
6.796910156743582,1.2262109771160923,35.091299567235104,34.917915479789656,2156.477012292161,2160.859814390418,2330.9068124603045,2305.0179809744986,2.0,376.39772172366696,8.071401722180362,3.19998135932489,8.03640458045797,1.9622860719679327,0.0648568233027124,0.1,1.0433212657949393e-06,1.7873922770972126e-07,90.76122436061227,13.067507607740772
6.008723625344015,1.0721789213736257,35.1489647825471,34.9298955946062,2165.4242141794152,2160.8597696710876,2330.8865966046683,2305.018421778548,2.1,374.11197797906084,8.072386319068956,3.0558165390893057,8.043580705835305,1.9565096886458873,0.062385426384388105,0.1,1.6818901161898617e-05,2.995518190822483e-06,89.45256714919367,12.87909137397345
6.170391911315225,1.2735705005834645,35.18019106112334,34.94964935880771,2172.886996797777,2160.8607825820627,2330.8614314417914,2305.018873140573,2.2,382.5248413124528,8.062988202611589,2.9213436757741857,8.045892595988557,1.954321332141637,0.06008017729898604,0.1,0.0005077416186331977,9.390074720142476e-05,75.11622566019354,10.814991282833875
7.220163031443391,1.7532462880054502,35.173051419093945,34.969608734919404,2172.0260117544262,2160.9301485483047,2330.47285868601,2305.020122562668,2.3000000000000003,404.1539505481354,8.041932262583726,2.817417876278013,8.042446650283468,1.9565104023258986,0.05829859216476595,0.1,0.0364400556748409,0.006945099229050278,24.93600908793702,3.590205958093267
8.757059953594066,2.3278254236763214,35.130273175033054,34.982132841838265,2157.9281326326513,2161.218115646903,2328.9127989506987,2305.0239399207017,2.4000000000000004,421.6437512961824,8.026673351254964,2.832526176331086,8.034407001311223,1.961585954099066,0.05855759159424719,0.1,0.15229560381931517,0.02889759175027978,-1.6666117750473795,-0.23995337439534586
10.194040182223095,2.7777174501717656,35.06819628159258,34.982425088327325,2153.8773390468436,2161.3083281424647,2328.3845507370997,2305.0254663140395,2.5,415.8651950418155,8.033259918857299,3.0216364805954052,8.024417670335648,1.9658484635776987,0.06179948252449267,0.1,0.050399428787354615,0.00906146184914882,3.257684573854383,0.46903089124628383
10.982226029791859,2.930988339072173,35.01053206258237,34.97036424032622,2151.54569102517,2161.341557290959,2328.1747340274874,2305.0262849617775,2.6,432.06494434238937,8.019891516195404,3.0865244408931174,8.017082788076749,1.9708162655561259,0.06291184755816773,0.1,0.01895644920144374,0.003347973736657965,-7.177401244772573,-1.0333790231522715
10.820557230959169,2.7290258976684076,34.979306318503994,34.950549927626696,2149.0007033326315,2161.3575686836066,2328.0628198201057,2305.0268852803124,2.7,440.40832431405204,8.013289749377234,3.126162699985942,8.014727775452233,1.9727325847899932,0.06359136057118758,0.1,0.00929288832974155,0.0016237160810440242,-17.665592946861633,-2.5434349509342478
9.770785726193608,2.2489219733039687,34.98644623393548,34.930545141180666,2147.7443809289325,2161.3590948856604,2328.0348028612434,2305.027299543293,2.8000000000000003,430.64844482952134,8.021757961078237,3.1602272444455557,8.018105380630042,1.9702917717677195,0.06417532419049524,0.1,0.001006524601765576,0.00017426646187383886,-11.814845871670395,-1.7010633053925452
8.233888515571419,1.674021742203335,35.02922460666467,34.91798697728824,2149.2115518660607,2161.3589019830606,2328.016760723103,2305.027691455021,2.9000000000000004,408.78465507061674,8.040795403353199,3.167294422460553,8.025921585588835,1.9643776028580815,0.06429647581360948,0.1,2.2483943354132574e-05,3.885463233597889e-06,14.585111854876164,2.099917244021395
6.796908070593673,1.2238888995932544,35.09130155083616,34.917669188650585,2152.91038922784,2161.358697069969,2327.998950133345,2305.028082575762,3.0,386.4061593972309,8.060933902328365,3.1304650243453827,8.035181979863061,1.9571746512811532,0.06366511470306371,0.1,1.0018298010543188e-06,1.74843668873516e-07,36.895163023654334,5.312046271928306
6.008722060767041,1.0704374027000412,35.14896578046837,34.92971088047564,2158.9609333703897,2161.3585804698646,2327.981008834186,2305.0284737049988,3.1,371.8106609219048,8.074251781935747,3.0632215980626465,8.042343578052584,1.9514156855028555,0.06251237025250252,0.1,1.5318599911718793e-05,2.7227677497791045e-06,60.45319318625069,8.703855280034965
6.170390737909088,1.2722643911790112,35.18019151607909,34.94951082636919,2164.8090503745448,2161.360081297395,2327.954656569588,2305.028883033497,3.2,373.3642455965369,8.071790793252164,2.9693466573327623,8.044645260133722,1.9492380122987736,0.06090308555427593,0.1,0.0008483198570502839,0.00015476680867092512,59.20991120720796,8.524851560834827
7.220162151408733,1.7522667281521582,35.17305158444933,34.96950483795502,2166.538376282555,2161.4043551446857,2327.6964581093657,2305.0298013475604,3.3000000000000003,390.35715870350776,8.05480611092846,2.8874486532593764,8.041191068929372,1.9514234174114173,0.059499119770160744,0.1,0.023773157799736714,0.00443949757232079,38.72812982248019,5.575950904739625
8.757059293583039,2.3270907704360124,35.13027319367074,34.982054920885325,2156.4589755348566,2161.622433512991,2326.499909795679,2305.0327773671575,3.4000000000000004,413.66395509205364,8.033556489032392,2.868416474961939,8.03321153953049,1.956751378258205,0.05917285385649038,0.1,0.1165682753551594,0.021888467009601696,4.76390661275743,0.6858918700505102
10.194039687226034,2.7771664727284957,35.068196232426494,34.98236664893855,2153.666655082384,2161.683523702468,2326.139231112245,2305.0338985097446,3.5,417.5440158681293,8.031311658814051,3.006736539645591,8.023398628058134,1.9617262497745525,0.06154405496535299,0.1,0.034017113567078525,0.006141420625207047,1.709161345878984,0.24607952401997998
10.98222565855248,2.93057511535473,35.01053198787112,34.970320411778,2150.346260561902,2161.7197378923415,2325.915660000041,2305.0347128701515,3.6,436.7273113931936,8.015416539677737,3.0561951406136374,8.016136176310557,1.9669881199324657,0.06239191669623379,0.1,0.020488893666892667,0.003648779940275941,-15.622815855251336,-2.249322510587744
10.820556952535943,2.7287159869039233,34.9793062397986,34.95051705695989,2147.7514105696705,2161.734778245119,2325.8113805470857,2305.0352616961513,3.7,442.4974354454472,8.011106255883275,3.1095663153690283,8.013771187436088,1.9688717867256464,0.06330685112061192,0.1,0.008711625113652319,0.0015289946172132617,-18.636941821047717,-2.683286620990667
9.770785517380922,2.2486895454981846,34.9864461613214,34.93052048873842,2146.0175587111435,2161.7350993172117,2325.7920302812354,2305.035622316983,3.8000000000000003,432.52709207009866,8.019722932315393,3.1444064829224128,8.0171488765653,1.9664439135885208,0.06390411113581279,0.1,0.0003226444984659554,5.609872053810479e-05,-17.175147705806502,-2.4728222309779326
8.233888358965453,1.6738474252995916,35.029224544064036,34.91796848837472,2148.318118669523,2161.7348639840907,2325.7757707096503,2305.0359758453737,3.9000000000000004,409.3676840951625,8.039876237515147,3.1584141155606975,8.024965689560737,1.960549178748123,0.06414424198104053,0.1,1.85744588455467e-05,3.217480941198618e-06,22.899481899967874,3.296993358664004
6.7969079531418615,1.2237581648783258,35.09130149900826,34.91765532227892,2154.7281967364415,2161.734637190926,2325.759703437673,2305.0363286968927,4.0,388.92015894941085,8.058086617791286,3.1097873899725927,8.034223892365397,1.953355387439129,0.06331064097095873,0.1,8.334940321517047e-07,1.4627943517320818e-07,63.99760261642074,9.214167888971028
6.008721972680174,1.070339353885955,35.148965738675024,34.929700480931906,2160.5748541270655,2161.734547563021,2325.7434911295713,2305.0366816156634,4.1000000000000005,380.5493045109428,8.064997489962904,3.0044080979561483,8.0413838160449,1.947603874327285,0.061504138822105404,0.1,1.6430366402133074e-05,2.9682494574617684e-06,58.42666356792462,8.412082098355853
6.170390671845436,1.2721908562349902,35.18019148298307,34.949503026887605,2166.8080521824445,2161.7358470375743,2325.720229523318,2305.0370497689987,4.2,381.7992062571976,8.062845941689643,2.9138922779655925,8.043684531976698,1.9454289884800502,0.05995243905083873,0.1,0.0007146673744133356,0.00013245080150715795,62.96197917074523,9.065062173942879
7.220162101862117,1.7522115781940217,35.1730515585782,34.969498988475955,2164.573724415994,2161.822067556566,2325.2439013567023,2305.0384130048765,4.3,400.27946287371645,8.04477032431306,2.8271174791680074,8.040230835884763,1.9476142248556283,0.05846487107145156,0.1,0.04551147170725228,0.008649348056398871,19.36420702074636,2.7879959128370135
8.75705925642392,2.3270494089047986,35.13027317363884,34.982050533875096,2153.374271234231,2162.0632555658017,2323.9271982875343,2305.0416153363467,4.4,414.20478481694687,8.032637658312044,2.860039145597194,8.032143450354635,1.9525053739126461,0.0590292424959519,0.1,0.12863647313724666,0.024213323524648424,4.73659028665627,0.6819589537455893
10.194039659357328,2.777135452283111,35.068196217026,34.98236335875518,2148.5838873188045,2162.1662814967513,2323.3314546866513,2305.043213419747,4.5,415.4457405084662,8.03280354545752,3.0122512602359457,8.022271194388116,1.9572344362319416,0.061638593032616214,0.1,0.057455772148100465,0.01035710643126488,2.073820955037356,0.298582035422644
10.982225637651425,2.9305518505479453,35.01053197609516,34.970317944196175,2145.235697643653,2162.2210037243035,2323.0014167554637,2305.0442185683237,4.6000000000000005,429.82416673568815,8.021022735918514,3.0865545064816726,8.014901225976825,1.962056535022604,0.06291236296825725,0.1,0.031231003878560457,0.005515786370658399,-6.903127340416181,-0.9938899532655359
10.820556936860507,2.7286985386942666,34.9793062308315,34.9505152063153,2141.9694742845622,2162.256204615371,2322.780623653927,2305.0449786235954,4.7,435.71803110357445,8.016495584170709,3.1388694545040634,8.01248849352317,1.9637455421418495,0.06380919064864109,0.1,0.020455237362854064,0.003561875849426142,-15.547784269313116,-2.2385197054583985
9.770785505624604,2.2486764596375073,34.98644615451512,34.93051910078632,2141.168276286159,2162.2591475060854,2322.7475045059828,2305.045322943306,4.800000000000001,424.47222460499074,8.02636170379893,3.1816484221725916,8.015813223917322,1.961112831207597,0.06454254438010157,0.1,0.001916748576458273,0.0003299715964042139,-6.570295409199018,-0.9459698880183025
8.23388835014843,1.6738376111265052,35.029224538910846,34.91796744743414,2143.26005524437,2162.258816851257,2322.7336316895094,2305.0456244640372,4.9,404.0330424497159,8.044350091696714,3.182146045931119,8.023621548223124,1.9551998060523597,0.0645510750731049,0.1,1.6412665484905617e-05,2.825095470923706e-06,20.76817092335163,2.990134095827961
6.796907946529243,1.2237508044153234,35.09130149511434,34.917654541591105,2150.8237295933045,2162.2584949690977,2322.7199280912014,2305.04592539595,5.0,383.33544439273794,8.063080958024738,3.1364466249359775,8.032878094616484,1.9480183243438716,0.0637676564274739,0.1,7.670773526124321e-07,1.3365838064611043e-07,75.4902830319409,10.868846853706515
6.008721967720821,1.0703338336638095,35.1489657357372,34.92969989542926,2160.887024316403,2162.2583275374886,2322.706090351987,2305.0462264081616,5.1000000000000005,377.6820422676718,8.067375317759627,3.014601997751617,8.040036837906356,1.9422772624474312,0.061678891390027725,0.1,1.5101804839947463e-05,2.720506607258859e-06,100.55755356923709,14.477951410845655
6.170390668126,1.2721867161622087,35.180191480769295,34.94950258777053,2166.704609609515,2162.259382938344,2322.686587470103,2305.0465396509253,5.2,389.0576452489385,8.055095445900468,2.8651768507532784,8.042337259156387,1.9401070101308104,0.059117317441484775,0.1,0.0005763006695875607,0.00010831582098651973,58.687367737321495,8.449617441680745
7.220162099072605,1.7522084732098064,35.173051556911645,34.969498659145586,2166.7882876842914,2162.305186222691,2322.4315823311913,2305.047370018425,5.300000000000001,406.93142941274823,8.037901327403898,2.784606210636076,8.03888473673486,1.9422913014861636,0.05773610646804702,0.1,0.023862084145626385,0.004592174368936212,22.97875583345687,3.3084069632761133
8.757059254331812,2.327047080219412,35.130273172385195,34.982050286882895,2157.079248300356,2162.494436911097,2321.4185182222127,2305.049862019903,5.4,426.7645723099699,8.020653137471703,2.7885355380003816,8.030902886000764,1.947587677482091,0.05780346636572083,0.1,0.09883146968160092,0.018997605333196763,-5.591958345622308,-0.8051120810496749
10.194039657788284,2.7771337058086525,35.068196216083535,34.9823631735152,2152.6702796014097,2162.5700055116367,2320.990163022865,2305.051053792893,5.5,430.95652086551064,8.018338274845677,2.923343165814764,8.021165328732236,1.952839889840068,0.06011445427111025,0.1,0.04109865334638842,0.007596371112167242,-7.479086935118815,-1.0768147533500327
10.982225636474674,2.9305505407217898,35.010531975386975,34.97031780526933,2149.2156187372493,2162.6051029956016,2320.7801818370162,2305.051759193801,5.6000000000000005,446.30746853513494,8.006250995740201,2.994151662364647,8.013866802535764,1.957935945771956,0.06132831421196539,0.1,0.019540752104548177,0.003540281036877945,-17.521828781756074,-2.5227362513026383
10.820556935977969,2.7286975563469134,34.979306230299564,34.95051510212252,2145.819289820858,2162.6198897278496,2320.6825685838576,2305.052214482347,5.7,451.6964151949089,8.002389472703435,3.0493139613802165,8.011504685369987,1.9598231748079809,0.06227395362366086,0.1,0.00844698832262214,0.001507137741311683,-26.78020338971355,-3.855727090475383
9.770785504962715,2.2486757228936898,34.9864461541157,34.930519022643495,2143.174566113017,2162.620404168926,2320.6658549346166,2305.052490522726,5.800000000000001,439.2952418459381,8.012943863538945,3.0954495414016834,8.01488136280715,1.9574021569169433,0.06306484928117172,0.1,0.0004558978094954861,8.032257706717223e-05,-26.188688818921147,-3.7705627352303726
8.233888349652027,1.6738370585811646,35.029224538611,34.917967388828345,2144.3531868955088,2162.620110828044,2320.6535479685626,2305.0527566209353,5.9,413.46028081210295,8.035226767710936,3.1224131789737086,8.022694794342138,1.9515200059951356,0.06352708306812073,0.1,2.1506737665818437e-05,3.7616043473329957e-06,11.653846712376366,1.6778831670268974
6.7969079461569475,1.2237503900157094,35.09130149488928,34.917654497637756,2150.169880071907,2162.619801551804,2320.641459704424,2305.053022046121,6.0,390.1729444720015,8.055996740232532,3.089922874324621,8.031949961885175,1.944345903751505,0.06297010641699351,0.1,8.460714360073927e-07,1.492897863497738e-07,58.02621307188293,8.354426530789276
6.0087219674416055,1.0703335228711426,35.148965735568304,34.92969986246499,2156.780842617927,2162.6196260221404,2320.6291863362703,2305.0532876888547,6.1000000000000005,380.4314649766666,8.064249557961453,2.9931505172486386,8.03910771112766,1.9386112095090586,0.06131115172426239,0.1,2.009317452105212e-05,3.641384779108763e-06,66.03081513985246,9.506903253718137
6.170390667916593,1.272186483072991,35.18019148064256,34.949502563047886,2161.6877372341414,2162.6204113778645,2320.612308435552,2305.05356325634,6.2,383.5430357749141,8.060228053813082,2.8921232507571504,8.04140783013245,1.9364436669946958,0.05957925572726544,0.1,0.0004763063361350017,8.882777334360552e-05,49.452114499711456,7.119955542647858
7.220162098915553,1.7522082983968548,35.17305155681656,34.969498640604016,2160.562987213718,2162.6956522871874,2320.198444003302,2305.0547107906355,6.300000000000001,398.78132732517065,8.045345119827068,2.8240016939213537,8.037956401753188,1.9386283550722367,0.058411457610080354,0.1,0.03972794472898643,0.007557106536298305,25.14978093896456,3.6209841379746255
8.757059254214026,2.3270469491126695,35.130273172313856,34.982050272977034,2151.5918625630566,2162.8900187602053,2319.1431770365916,2305.057261212844,6.4,415.4073140238777,8.030664272800479,2.8423937116564395,8.029899139691764,1.943616901226457,0.05872674934268183,0.1,0.10317561592603094,0.019520844339979,4.337121497425795,0.624444729151352
10.19403965769996,2.777133607480823,35.06819621603002,34.98236316308604,2148.8312366600753,2162.9450982605795,2318.824860948714,2305.0581762647016,6.5,421.7326687827437,8.026245492704398,2.966866622793274,8.020149058298728,1.948808954611074,0.06086057067645613,0.1,0.030393769109523745,0.005548888909647005,-0.9014797345387527,-0.12979213725130725
10.98222563640842,2.9305504669775893,35.01053197534683,34.970317797447635,2146.565588160847,2162.966984183328,2318.6894381793945,2305.0586845890957,6.6000000000000005,441.0283025266834,8.01043539805409,3.0163025814995836,8.012904188524374,1.9541081389652306,0.06170804425427858,0.1,0.01233542272367476,0.0022211083521055204,-12.03279961702609,-1.7324435808971492
10.82055693592828,2.728697501040017,34.97930623026945,34.95051509625638,2142.907151457428,2162.980421454487,2318.600697020421,2305.059088266849,6.7,449.4597909847908,8.00393114122023,3.0558334524809787,8.010576284550584,1.9561278884149447,0.062385716328245355,0.1,0.007730386826078048,0.0013768085390651254,-30.054022216906333,-4.327080939347349
9.77078550492545,2.2486756814144577,34.986446154093116,34.93051901824399,2141.390390406668,2162.9820081978824,2318.5790701179953,2305.059343121213,6.800000000000001,436.4106027141938,8.015102985066013,3.105852065958431,8.01395581424721,1.9537224658189247,0.0632431782735731,0.1,0.001101579712909782,0.00019353509614808542,-14.386474223590154,-2.0713180401620424
8.233888349624078,1.6738370274724457,35.02922453859406,34.91796738552879,2142.288195529927,2162.9816761765887,2318.568397198047,2305.059573573262,6.9,413.5741051664147,8.03476958460363,3.116703929981,8.021765323254941,1.9478352336114741,0.06342921022824571,0.1,2.0227275016198008e-05,3.543280759310094e-06,8.82801694636698,1.2710293346150352
6.796907946135987,1.223750366684699,35.091301494876575,34.91765449516314,2148.9349689755486,2162.9813252081117,2318.557931112481,2305.0598034039267,7.0,389.6154560353998,8.056189269202212,3.0882448315212723,8.031019306938688,1.9406693062344182,0.0629413399689361,0.1,6.121353329020108e-07,1.0806099301775323e-07,66.30802743448602,9.546815383535714
6.008721967425886,1.0703335053732812,35.148965735558775,34.92969986060908,2155.9233216113903,2162.9811169472077,2318.54730812856,2305.0600334155506,7.1000000000000005,381.84760570466756,8.062474569517832,2.979835035633367,8.038176201976212,1.9349415476553709,0.06108288632514344,0.1,1.694361396875338e-05,3.082080575375482e-06,69.78964993533891,10.048088133409731
6.170390667904803,1.2721864699498922,35.180191480635415,34.94950256165598,2161.7047308929946,2162.9819134195895,2318.531900291261,2305.060273773929,7.2,385.9242936861631,8.057496184441204,2.8736976627619457,8.040476083104762,1.9327769691825087,0.0592633885044905,0.1,0.0004908561415875787,9.20291138657659e-05,58.20312871511048,8.379898273045846
7.2201620989067115,1.7522082885547539,35.173051556811195,34.969498639560115,2161.524525782685,2163.0325382358546,2318.25344986255,2305.061091830445,7.300000000000001,403.5384261731738,8.040421495834586,2.793622926805694,8.037025021924952,1.9349591660918106,0.057890678745240474,0.1,0.026499251910340613,0.005086071518229099,22.6769034270885,3.264947229844562
8.757059254207395,2.327046941731261,35.130273172309835,34.98205027219412,2151.538187185172,2163.235895490984,2317.1646494073375,2305.0636860521954,7.4,422.55410746591156,8.023763477496141,2.8008563276458207,8.029032301445099,1.9401934454990182,0.05801467990249979,0.1,0.10664048326917316,0.02042404199312515,-1.5241450723730439,-0.2194414792092498
10.194039657694972,2.777133601944893,35.068196216027005,34.98236316249888,2147.933161196116,2163.302203481798,2316.788312229885,2305.064698191835,7.5,426.18882991698536,8.02188220589475,2.93857153898268,8.019259382864226,1.945286054088922,0.06037551209684595,0.1,0.03628231256063657,0.006677157546633142,-3.915581995074805,-0.5637528346474988
10.982225636404692,2.9305504628257357,35.01053197534457,34.970317797007276,2144.6564007970132,2163.334652254814,2316.595675732237,2305.0653009402813,7.6000000000000005,443.4660508890191,8.007982245551272,2.9989036892976966,8.011986080767677,1.950463149277774,0.061409777530817666,0.1,0.018148591100608718,0.003283695534115721,-17.023399546153303,-2.4509740216275375
10.820556935925483,2.7286974979261975,34.97930623026775,34.950515095926114,2141.2885399678644,2163.353833620673,2316.475718907361,2305.0657410436143,7.7,449.2710600605201,8.003736984126514,3.051820355661904,8.009630952136535,1.9523710668362213,0.062316920382775504,0.1,0.010977496559785414,0.001957288377673572,-24.359687159075975,-3.5072289903082465
9.770785504923353,2.2486756790791462,34.98644615409184,34.930519017996296,2138.893635005369,2163.354775744494,2316.459289101631,2305.0659518416237,7.800000000000001,437.06248133665423,8.014174943989131,3.097226152015696,8.012994971168524,1.9499084084832738,0.06309530546312622,0.1,0.0007509276587566455,0.00013223869179503002,-23.48005493189277,-3.3805823865222497
8.233888349622505,1.673837025721002,35.029224538593105,34.91796738534302,2140.3572807083997,2163.354370868412,2316.450401875547,2305.0661458128484,7.9,411.9779466646214,8.035883615042092,3.1206440850561177,8.020804953307705,1.944033923262992,0.06349675574381916,0.1,6.461671793758265e-06,1.1307090011597879e-06,14.4525272805198,2.0808281457167364
6.796907946134808,1.2237503653711461,35.091301494875864,34.91765449502382,2145.308560682909,2163.3539810284087,2316.4415790227945,2305.0663395035936,8.0,389.4443940883938,8.055998309629276,3.084175506506966,8.030057798217332,1.9368767737546126,0.06287158011154799,0.1,7.922541772850926e-07,1.4001277169173175e-07,49.33541038831,7.103152862050095
6.008721967425006,1.0703335043881357,35.14896573555824,34.929699860504584,2151.195712614985,2163.35371292141,2316.432552888085,2305.066533502921,8.1,377.7092709194602,8.06628373193519,2.999702050059876,8.037213799249578,1.9311561328835336,0.06142346371531217,0.1,2.1581145250137393e-05,3.9038909282403025e-06,58.75065302120914,8.458729052222424
6.170390667904145,1.2721864692110536,35.18019148063502,34.94950256157762,2155.9600829500855,2163.3543918817754,2316.4189056686646,2305.066737514184,8.200000000000001,379.05674768606383,8.064030670742365,2.908788612891705,8.039513504529982,1.928994889639344,0.05986494764957209,0.1,0.00047917674995066645,8.893662016926565e-05,47.97858250070777,6.907801170085356
7.220162098906212,1.752208288000637,35.1730515568109,34.96949863950134,2152.6847609714237,2163.4640745108895,2315.8206379831954,2305.068225798222,8.3,393.7275958706294,8.049539120176725,2.8425884954956544,8.03606316269492,1.9311758511830652,0.05873008849421123,0.1,0.05828205555734297,0.011026348021685992,20.322237407703913,2.9259300301674944
8.75705925420702,2.327046941315683,35.130273172309614,34.98205027215004,2143.378707650813,2163.6861502326733,2314.603361644684,2305.071064939354,8.4,405.05416422995586,8.039620863077594,2.888260605819911,8.02791801020492,1.9357995010938442,0.05951303895691276,0.1,0.11952977184436774,0.022316262105352702,14.470996663411713,2.0834873077449108
10.194039657694708,2.7771336016332158,35.068196216026834,34.982363162465816,2142.3103527392236,2163.72155619333,2314.3944296074715,2305.07166993961,8.5,410.89924439297096,8.035430133082587,3.015542141448771,8.018097354317756,1.9406921764083966,0.06169500813912179,0.1,0.019927499773676163,0.0035888910761250675,6.501445704300925,0.9360571301320507
10.98222563640448,2.930550462591983,35.01053197534444,34.97031779698248,2139.921609062148,2163.7491971088634,2314.2281386685163,2305.0721780437493,8.6,433.9838942027282,8.015835868471639,3.042867196682274,8.010904951189485,1.9461779198154228,0.06216343765741041,0.1,0.015727586972963364,0.0028111535164662494,-10.463177557652157,-1.5064544721489885
10.820556935925326,2.728697497750887,34.97930623026766,34.95051509590752,2135.3327016798744,2163.7905198860217,2313.981371806577,2305.0728604097535,8.700000000000001,442.04992632220336,8.009517584387808,3.083777562595245,8.008562375722127,1.9481315049494217,0.06286475821591848,0.1,0.023697064977658205,0.004188367687180698,-25.81224642380405,-3.7163637764049158
9.770785504923234,2.2486756789476665,34.98644615409177,34.93051901798235,2133.9015805258946,2163.793365612113,2313.9550316516647,2305.073054681771,8.8,427.200375734234,8.022441793029616,3.1448121932759587,8.011868284297243,1.9454437025704814,0.06391106617044501,0.1,0.001922271935764847,0.0003341921570685817,-12.913306988719004,-1.859216185159881
8.233888349622418,1.6738370256223942,35.029224538593056,34.91796738533256,2135.6923792412417,2163.792885216215,2313.9479896402713,2305.073206147062,8.9,405.0711217197533,8.041891732571647,3.1544074401141757,8.019671927361534,1.939556917818557,0.06407555611624302,0.1,1.6282875567302347e-05,2.823554731362368e-06,17.6902093632801,2.5469791429731905
6.796907946134741,1.2237503652971917,35.09130149487582,34.917654495015974,2141.912264058807,2163.79241143694,2313.94109312623,2305.073357182537,9.0,383.6404860942037,8.061294018969333,3.1132176100428826,8.028923399034499,1.9324100042988586,0.06336944474359227,0.1,2.4481558784376072e-06,4.292562778907837e-07,61.983343228027984,8.924161335322017
6.008721967424957,1.070333504332671,35.14896573555821,34.9296998604987,2150.224926682625,2163.792095225261,2313.9339114299487,2305.073508736688,9.1,374.93364030454944,8.068678476704696,3.010678444746225,8.036078442612265,1.9266981400285932,0.061611630481363866,0.1,3.118384535888707e-05,5.623729934547108e-06,82.98438090758668,11.947822833735861
6.170390667904107,1.2721864691694558,35.18019148063499,34.949502561573205,2157.9791165447937,2163.7923262272457,2313.92454059318,2305.0736649883756,9.200000000000001,382.0132376455409,8.060622904348662,2.885830433280571,8.038377880687474,1.924540592869249,0.05947137885623836,0.1,0.0002481870384524137,4.636909070577417e-05,77.66044329863917,11.181299511709694
7.220162098906183,1.7522082879694394,35.173051556810876,34.96949863949803,2157.2416123732123,2163.8300297472992,2313.7185301998343,2305.0742531360847,9.3,404.4805690407919,8.038735193139196,2.778484306890792,8.034929191182815,1.9267232440438489,0.0576311595466993,0.1,0.019690801516459185,0.003796326244987793,10.854332461285548,1.5627716903778408
8.757059254206998,2.3270469412922847,35.13027317230959,34.98205027214756,2148.7564187784465,2164.001386094416,2312.8042121103417,2305.0763943618254,9.4,421.85812794189354,8.023624272890668,2.7944511114731525,8.02697186820301,1.932075393510154,0.05790487619668262,0.1,0.089737475792854,0.017219328143942537,-1.992771933422525,-0.2869128593619102
10.194039657694676,2.7771336016156685,35.06819621602682,34.982363162463955,2142.191887152348,2164.124406365458,2312.122794816004,2305.0780098431346,9.5,429.04090067334425,8.018582439706597,2.9136230772486584,8.017283264010393,1.9374795802014804,0.059947824181405575,0.1,0.06678057777599412,0.012377537131087768,-6.051064626713719,-0.8712127188846922
10.982225636404475,2.93055046257882,35.010531975344435,34.97031779698108,2137.6510925168704,2164.1927799476935,2311.7302660625205,2305.0789801419023,9.600000000000001,439.02351288858284,8.011039863286761,3.0109611782573964,8.009864184240392,1.9420600991368937,0.06161647734155537,0.1,0.03827026359033114,0.0069011597116555605,-12.232460289037839,-1.7611900788521988
10.820556935925316,2.728697497741011,34.97930623026765,34.95051509590647,2133.14688287334,2164.2361100078792,2311.4739780932273,2305.0796450775792,9.700000000000001,441.8404185058419,8.009274975597394,3.0788742091785943,8.00741607195806,1.9435919765181435,0.06278070072877591,0.1,0.024830170262221875,0.004394515790501494,-23.99071941101227,-3.4541062069963266
9.77078550492323,2.2486756789402564,34.986446154091766,34.93051901798156,2132.106187258317,2164.2383505757307,2311.452883731507,2305.0797893290155,9.8,427.2261699856781,8.021994604704966,3.138531991553821,8.010715890413262,1.9408859096838296,0.06380340556949407,0.1,0.0015960913983074777,0.00027795301382097876,-9.301888784808826,-1.3392558696530559
8.233888349622413,1.673837025616837,35.02922453859305,34.91796738533197,2133.653870819876,2164.2378594580564,2311.4476250204193,2305.079898462344,9.9,406.03739849184245,8.040562642920474,3.142638039557436,8.018519659391522,1.9350126717451128,0.06387379496384175,0.1,3.20359125137432e-05,5.572779630324732e-06,15.255020028053357,2.1963684566526736
6.796907946134723,1.2237503652930248,35.09130149487582,34.91765449501553,2141.260300178349,2164.2373422040428,2311.4426768531916,2305.0800068311805,10.0,383.9974372824911,8.060516445193262,3.1049758326632366,8.027769558686572,1.9278754736281258,0.06322815713136977,0.1,1.7431711900740698e-06,3.0632821921977775e-07,75.82896386183349,10.917609024472666
6.008721967424944,1.0703335043295519,35.14896573555821,34.929699860498374,2150.038495446212,2164.2370248351644,2311.437339452397,2305.080115977791,10.100000000000001,378.5359057064456,8.064598226810299,2.983022611244923,8.034923516897507,1.922172094163751,0.0611375304784844,0.1,4.061406198184308e-05,7.381183895097349e-06,87.63968985582358,12.618079163198393
6.170390667904114,1.2721864691671203,35.18019148063499,34.949502561572956,2157.817811248193,2164.2372496061034,2311.4299068600467,2305.080229644409,10.200000000000001,386.9188579418712,8.055294398055807,2.8520378261770114,8.037222558315943,1.920017814787555,0.05889207702017735,0.1,0.0002481840233087436,4.682463921320427e-05,77.90888729514687,11.217069674985177
7.220162098906213,1.7522082879676943,35.173051556810876,34.96949863949784,2158.154868561632,2164.2606163832593,2311.3025448163844,2305.0806066956065,10.3,409.8553195240542,8.033214512727243,2.7447291853999154,8.03377438530225,1.9221976066985507,0.05705250032114141,0.1,0.012106267191091542,0.0023577245369414885,14.6640427828702,2.1112814638114448
8.757059254207014,2.3270469412909773,35.13027317230959,34.98205027214742,2147.878163078073,2164.448901123597,2310.314471139885,2305.082872882922,10.4,430.2123991443463,8.015646195965948,2.7469886448746164,8.025855421632137,1.9276883290284728,0.05709123391213629,0.1,0.09721518398666883,0.018920044934137757,-11.785354683026457,-1.6968172594111157
10.194039657694702,2.777133601614686,35.06819621602682,34.98236316246385,2140.6284484682224,2164.5811039019204,2309.589531360527,2305.0845457686755,10.5,432.6114793127198,8.014977159960726,2.8894963643187586,8.016123488573497,1.9329098704265166,0.05953422338832158,0.1,0.07127477482933862,0.013302297358993643,-8.476929453526491,-1.2204808926344897
10.982225636404477,2.9305504625780805,35.010531975344435,34.970317796981,2136.572557646433,2164.635601074782,2309.2782177483414,2305.0852987403423,10.600000000000001,440.83195428191374,8.009037579756413,2.9956141671995993,8.008681132192823,1.9373879635395053,0.06135338572342171,0.1,0.030434903976921092,0.005511767537459192,-14.118986810030774,-2.0328060672761965
10.820556935925303,2.728697497740453,34.97930623026765,34.95051509590641,2131.881195349625,2164.667615576295,2309.0896600632855,2305.085777223672,10.700000000000001,444.7493294582178,8.006356259054593,3.057766884817271,8.006269021290013,1.939058294426811,0.0624188608825818,0.1,0.018321833414337938,0.003261448926614196,-31.36020044610638,-4.515140257270611
9.77078550492323,2.2486756789398408,34.986446154091766,34.93051901798152,2130.739264167267,2164.6733838368073,2309.049858107885,2305.0859259775557,10.8,429.3587895073085,8.019696285001515,3.120990383560465,8.00959734299032,1.9364704900693404,0.06350269228960798,0.1,0.003628726227402207,0.000634920801792007,-8.59988995975049,-1.2381843487287976
8.233888349622395,1.6738370256165238,35.02922453859305,34.917967385331934,2133.083884209535,2164.672842082741,2309.0465823153754,2305.085993867165,10.9,407.85237229512865,8.03845931163677,3.126256852445757,8.017390533946106,1.9305682983914023,0.06359297461335583,0.1,2.041840466493573e-05,3.5675507290404833e-06,23.20071816129329,3.340364381524571
6.796907946134741,1.223750365292789,35.09130149487582,34.917654495015505,2137.5623330835956,2164.672308656751,2309.0434928250693,2305.0860612962497,11.0,387.60545600465525,8.056546969062943,3.0773778788001427,8.026638994372677,1.923441019309633,0.0627550493508596,0.1,2.25455836836121e-06,3.9918140128119694e-07,44.54182600528833,6.4129880825997745
6.008721967424937,1.070333504329378,35.14896573555821,34.92969986049835,2145.397634215548,2164.671915762138,2309.0400451609516,2305.0861294639512,11.100000000000001,374.84018328628133,8.06794102315529,2.9997233186349037,8.033791818453679,1.9177456738676375,0.0614238283194555,0.1,3.790912384946348e-05,6.857476955451271e-06,78.17622676344004,11.255560347189977
6.1703906679041065,1.2721864691669857,35.18019148063499,34.94950256157294,2152.2930253577015,2164.672008361956,2309.0347006611382,2305.0862017454087,11.200000000000001,380.81111740305334,8.060997814261382,2.881720361283075,8.036090667857252,1.915595363747235,0.05940092047913844,0.1,0.00022571970082540561,4.2221511983448964e-05,69.00825238208184,9.93558504033458
7.220162098906197,1.7522082879675902,35.173051556810876,34.969498639497836,2154.8197906239234,2164.6836820973085,2308.9688868284647,2305.0864068026754,11.3,401.01166618201654,8.041218536847152,2.7863391658914693,8.032643335716461,1.9177736644867134,0.05776581427242519,0.1,0.006204777968987349,0.0011934736539514624,30.917560882226862,4.451410444134764
8.757059254207032,2.327046941290901,35.13027317230959,34.98205027214741,2145.932357677127,2164.8521117423966,2308.0826924665844,2305.0884133285476,11.4,426.7372885085252,8.018376530089647,2.75927637676349,8.024755939509586,1.9233760228014951,0.057301880744516975,0.1,0.08732140641057957,0.016932041957440976,-7.470265214290439,-1.0755446305101282
10.194039657694685,2.7771336016146297,35.06819621602682,34.98236316246384,2139.246359311823,2164.9714328097766,2307.4303758146075,2305.0898923962523,11.5,432.6856878157471,8.014530197415125,2.8840495531777015,8.015076441238206,1.9287921340971015,0.059440849483046315,0.1,0.06426575683356639,0.012013017496007855,-9.080437972879665,-1.3073720978109415
10.982225636404483,2.930550462578035,35.010531975344435,34.97031779698099,2135.0535148290337,2165.0320464949455,2307.087452259543,2305.0906816779734,11.600000000000001,442.2497127410722,8.007441921488088,2.9832458929318517,8.007668110865517,1.933394889016231,0.061141358164546036,0.1,0.03372590514698558,0.006128949219650255,-12.526776823602539,-1.8035648218286404
10.820556935925309,2.7286974977404226,34.97930623026765,34.950515095906404,2131.2488906345643,2165.0583051999233,2306.933693487656,2305.09105007819,11.700000000000001,445.8554839262258,8.005036129076473,3.046792822325108,8.00524011017958,1.9349991529432038,0.062230734097001854,0.1,0.01504936905126138,0.002687019751687908,-25.287600312415112,-3.640826925726182
9.770785504923214,2.248675678939815,34.986446154091766,34.93051901798151,2129.0976528918104,2165.0619791963427,2306.907767176931,2305.091135254516,11.8,432.649364142109,8.016423968456527,3.0978722853926115,8.008582638224008,1.9324723107586912,0.06310638203530192,0.1,0.0024222870024146353,0.0004264909373472458,-19.71053532654752,-2.8378591424564323
8.233888349622417,1.673837025616506,35.02922453859305,34.917967385331934,2131.092702053222,2165.061424011793,2306.906032160189,2305.091166881254,11.9,408.4335228121985,8.037554242563743,3.1176898282225616,8.01637999385583,1.926597996739843,0.06344611134095819,0.1,3.246883300491275e-05,5.686161114381846e-06,19.699541491859986,2.8362762856865973
6.796907946134723,1.2237503652927766,35.09130149487582,34.917654495015505,2138.1115760927737,2165.0608492590986,2306.904608946361,2305.0911977958726,12.0,387.3382385086429,8.056446139731007,3.073828694811765,8.025627080500861,1.9194792557964526,0.06269420619677311,0.1,1.7759158935926757e-06,3.1474038854186884e-07,69.92724259513783,10.067898279662803
6.008721967424945,1.0703335043293656,35.14896573555821,34.92969986049835,2147.958661008445,2165.060459676133,2306.902822362639,2305.091229486596,12.100000000000001,380.5364828399506,8.061808397951575,2.9605071003095196,8.03277895798002,1.9137913661700645,0.06075155029102034,0.1,3.7813863269343724e-05,6.915939335101125e-06,98.29557018906517,14.152278357873854
6.170390667904114,1.2721864691669804,35.18019148063499,34.94950256157294,2154.1998890879013,2165.060640112157,2306.898909410007,2305.0912658213806,12.200000000000001,391.70637534154974,8.049788046402323,2.815031900932811,8.03507744812485,1.911643873398497,0.058257689730276764,0.1,0.00024818858579962375,4.7335398401423254e-05,62.50785492996138,8.999678834161957
7.220162098906212,1.7522082879675893,35.173051556810876,34.969498639497836,2154.313356377501,2165.079561031137,2306.798318712081,2305.0915145088893,12.3,410.94357482730425,8.031413041226475,2.729280521348735,8.03163032892773,1.9138187280326797,0.05678766608026403,0.1,0.009807084582998256,0.001918860449798078,10.28003508767847,1.480086211511903
8.757059254207011,2.3270469412908987,35.13027317230959,34.98205027214741,2145.864442366708,2165.232947079055,2305.99834507044,2305.093298284916,12.4,430.6652053790181,8.01446724173183,2.734990474145098,8.023725025798568,1.919340011085218,0.05688555098534455,0.1,0.07896326612696192,0.015423417870364796,-10.381094954845235,-1.494636484410294
10.194039657694702,2.777133601614627,35.06819621602682,34.98236316246384,2137.1013746573813,2165.38161281275,2305.195009555601,2305.0950771715893,12.5,437.55874660792284,8.009871260657595,2.854622497271794,8.014085445081056,1.9249015700141743,0.058936385667516474,0.1,0.07935703585025343,0.014960958884633117,-15.674162188217029,-2.256715189580184
10.982225636404477,2.9305504625780365,35.010531975344435,34.97031779698099,2131.4474409345157,2165.456665994647,2304.773224455106,2305.0960054166976,12.600000000000001,441.7677242567738,8.00747802933022,2.9804901475408525,8.00660118722972,1.9291967207292675,0.061094116814986055,0.1,0.04169452599038778,0.0075829316332906025,-20.136815962807347,-2.89923365009006
10.820556935925303,2.72869749774042,34.97930623026765,34.950515095906404,2127.8639154489806,2165.4952948525447,2304.549511480042,2305.096492000161,12.700000000000001,441.5816317984575,8.008316719492013,3.063521918484501,8.004135596145462,1.9306496061237974,0.06251751860259146,0.1,0.022143362914560937,0.003935494741583446,-17.06676239024184,-2.4572172637059917
9.770785504923232,2.248675678939817,34.986446154091766,34.93051901798151,2126.563068692646,2165.499727462351,2304.52058703613,2305.0965471759205,12.8,429.25790239653884,8.019015178221258,3.110485334910031,8.007445110485499,1.927998334910029,0.06332260574131482,0.1,0.0029016536599698163,0.0005091482866892116,-10.835770185838692,-1.5600991539799731
8.233888349622395,1.6738370256165058,35.02922453859305,34.917967385331934,2128.2657300222886,2165.499125664147,2304.5206816473165,2305.096538149447,12.9,407.33661128359586,8.038172078427776,3.118176136810811,8.015239051802597,1.9221235176731521,0.06345444805961391,0.1,3.473873152063191e-05,6.082881777210874e-06,16.754568802944892,2.4122686404824694
6.79690794613471,1.2237503652927775,35.09130149487582,34.917654495015505,,,,,13.0,385.60523209435024,8.057749079848104,3.078492398501143,8.024484666997594,1.9150147266679325,0.06277415540287674,0.1,,,75.0422688111412,10.804343214846208
6.008721967424941,1.0703335043293691,35.14896573555821,34.92969986049835,,,,,13.100000000000001,,,,,,,,,,,
6.170390667904106,1.2721864691669789,35.18019148063499,34.94950256157294,,,,,13.200000000000001,,,,,,,,,,,
7.220162098906195,1.7522082879675849,35.173051556810876,34.969498639497836,,,,,13.3,,,,,,,,,,,
8.757059254207032,2.3270469412908965,35.13027317230959,34.98205027214741,,,,,13.4,,,,,,,,,,,
10.194039657694685,2.7771336016146266,35.06819621602682,34.98236316246384,,,,,13.5,,,,,,,,,,,
10.982225636404483,2.930550462578033,35.010531975344435,34.97031779698099,,,,,13.600000000000001,,,,,,,,,,,
10.820556935925309,2.7286974977404213,34.97930623026765,34.950515095906404,,,,,13.700000000000001,,,,,,,,,,,
9.770785504923216,2.248675678939814,34.986446154091766,34.93051901798151,,,,,13.8,,,,,,,,,,,
8.233888349622418,1.6738370256165054,35.02922453859305,34.917967385331934,,,,,13.9,,,,,,,,,,,
6.796907946134724,1.2237503652927761,35.09130149487582,34.917654495015505,,,,,14.0,,,,,,,,,,,
6.008721967424945,1.070333504329365,35.14896573555821,34.92969986049835,,,,,14.100000000000001,,,,,,,,,,,
6.170390667904111,1.2721864691669795,35.18019148063499,34.94950256157294,,,,,14.200000000000001,,,,,,,,,,,
7.2201620989062105,1.7522082879675884,35.173051556810876,34.969498639497836,,,,,14.3,,,,,,,,,,,
8.757059254207011,2.327046941290898,35.13027317230959,34.98205027214741,,,,,14.4,,,,,,,,,,,
10.1940396576947,2.7771336016146266,35.06819621602682,34.98236316246384,,,,,14.5,,,,,,,,,,,
10.982225636404475,2.930550462578036,35.010531975344435,34.97031779698099,,,,,14.600000000000001,,,,,,,,,,,
10.820556935925303,2.72869749774042,34.97930623026765,34.950515095906404,,,,,14.700000000000001,,,,,,,,,,,
9.770785504923232,2.248675678939817,34.986446154091766,34.93051901798151,,,,,14.8,,,,,,,,,,,
8.233888349622397,1.673837025616506,35.02922453859305,34.917967385331934,,,,,14.9,,,,,,,,,,,
6.796907946134743,1.2237503652927757,35.09130149487582,34.917654495015505,,,,,15.0,,,,,,,,,,,
