T1,T2,S1,S2,DIC1,DIC2,TA1,TA2,time,pH_surface,pCO2_surface,pH_deep,pCO2_deep
15.0,10.0,35.0,34.0,2000.0,2100.0,2300.0,2400.0,0,8.198936123170089,262.8185483016441,8.271807135041115,224.5610650559686
2.0269202695832265,10.875639424802912,35.842536390740314,34.0,1999.9727871614184,2099.9918710457177,2300.039670097649,2399.9901624755853,10,8.396672854797497,151.7553515059493,8.257865118460918,233.32620901137886
1.1169333201161435,11.742435296505846,35.62584052579736,34.0,1999.9455830426027,2099.983740183579,2300.079320397201,2399.9803299007,20,8.414716977358838,144.5638316127782,8.24411954147935,242.28952558615822
0.6173268573620735,12.557725153034399,35.39064494849428,34.0,1999.9183876389538,2099.975607414644,2300.11895090855,2399.9705022728604,30,8.426223354255177,140.2557940758632,8.231239889197811,250.98791381579971
0.5428691419042335,13.297409200152718,35.14390198991192,34.0,1999.8912009458793,2099.967472739978,2300.1585616415887,2399.9606795896,40,8.430791872369827,138.74337445574426,8.219594780881694,259.1101610936122
0.8957611277951285,13.939622535181767,34.8929053192942,34.0,1999.864022958783,2099.9593361606394,2300.1981526062045,2399.950861848447,50,8.42827656375178,139.98871318843518,8.209514392869567,266.34426041659225
1.665571403280514,14.465381469293966,34.6450743445534,34.0,1999.8368536730761,2099.951197677692,2300.2377238122763,2399.9410490469277,60,8.418791861686614,144.00875040400106,8.201282278950513,272.39524182268514
2.8295445412870386,14.859144680678732,34.407734896351954,34.0,1999.809693084166,2099.9430572921906,2300.2772752696833,2399.931241182576,70,8.40270217857203,150.87161179291053,8.195128520854952,277.00421841463884
4.353273744067158,15.109272612723103,34.187902678185175,34.0,1999.7825411874664,2099.934915005201,2300.316806988296,2399.921438252925,80,8.380596817082775,160.68444777013792,8.191224272190464,279.966666227347
6.191717901453415,15.208371537201788,33.99207588349493,34.0,1999.7553979783952,2099.92677081778,2300.356318977981,2399.9116402555032,90,8.353254119944168,173.5720862514315,8.18967775085649,281.14781172693125
8.290532996921934,15.153512111126284,33.82604311047922,34.0,1999.7282634523713,2099.9186247309854,2300.3958112486043,2399.9018471878485,100,8.321599679882079,189.6457058375078,8.190531724987364,280.4931999617334
10.587678504792299,14.946315967373032,33.69471225243696,34.0,1999.701137604814,2099.910476745877,2300.4352838100176,2399.8920590474954,110,8.28666327166644,208.96119966127412,8.193762523301688,278.03305739750357
13.015251294332575,14.592907779650556,33.60196542151128,34.0,1999.6740204311488,2099.9023268635115,2300.4747366720744,2399.882275831983,120,8.249538134485043,231.46821443051297,8.199280582655092,273.8798636894706
15.50149283128936,14.103734218681044,33.55054419425058,34.0,1999.6469119268013,2099.894175084946,2300.5141698446246,2399.8724975388436,130,8.211344726743551,256.95313856148226,8.206932525669181,268.21945934405545
17.97291034701008,13.493255150475417,33.5419685711263,34.0,1999.619812087198,2099.8860214112347,2300.5535833375106,2399.8627241656254,140,8.173199553822476,284.98246045411605,8.216504742428898,261.2968659336499
20.356449267841462,12.779516205839297,33.576492045725026,34.0,1999.5927209077693,2099.8778658434367,2300.5929771605647,2399.852955709862,150,8.136188510389315,314.8563987401628,8.227728434803858,253.39862295429748
22.58165269249368,11.98361535543478,33.65309411153397,34.0,1999.5656383839507,2099.8697083826023,2300.632351323624,2399.8431921690963,160,8.101343590806602,345.5854806447259,8.240286070905501,244.83374687829644
24.58274408202042,11.129079258736567,33.769510427822745,34.0,1999.5385645111767,2099.8615490297884,2300.6717058365134,2399.833433540873,170,8.069621813311112,375.90335043745733,8.253819188795868,235.91536749413416
26.300571606989326,10.241167819291249,33.92229975402962,34.0,1999.5114992848842,2099.8533877860514,2300.7110407090586,2399.823679822735,180,8.041885613889379,404.32607677533986,8.267937478341018,226.94474426660423
27.684356647976863,9.346127509683917,34.10694567024882,34.0,1999.484442700515,2099.8452246524416,2300.7503559510756,2399.8139310122306,190,8.01888454345411,429.26089306095446,8.282229050781979,218.19881566572943
28.693194807493402,8.470415533403155,34.31799008038985,34.0,1999.4573947535127,2099.8370596300138,2300.7896515723787,2399.804187106905,200,8.001238606047576,449.1564454251267,8.2962717697925,209.92181251608574
29.297265052656922,7.639917746803293,34.549194558287844,34.0,1999.4303554393193,2099.8288927198196,2300.8289275827738,2399.794448104308,210,7.98942386894619,462.6747938176066,8.30964545893958,202.32088736015518
29.47871119520104,6.879183488386506,34.793724748582534,34.0,1999.4033247533844,2099.82072392291,2300.8681839920637,2399.784714001987,220,7.983761037695357,468.85636163874824,8.321944716372935,195.56525705090561
29.232169726140885,6.210699899008963,35.04435239151546,34.0,1999.3763026911586,2099.8125532403365,2300.9074208100487,2399.774984797492,230,7.984407584295942,467.24634565973184,8.332791966266559,189.78806254332034
28.564928359251248,5.654227212228504,35.29366898694734,34.0,1999.349289248093,2099.8043806731503,2300.9466380465183,2399.7652604883747,240,7.9913538365904415,457.9566252913966,8.341850267915193,185.09002018209898
27.496710611402982,5.226214641419964,35.53430478808276,34.0,1999.3222844196448,2099.796206222401,2300.985835711262,2399.75554107219,250,8.004423219764766,441.6500761742155,8.348835311566951,181.54394306309877
26.05909276700611,4.939314146008026,35.759146654713305,34.0,1999.2952882012703,2099.788029889139,2301.025013814066,2399.7458265464884,260,8.023276593899066,419.4508710540099,8.353525974828674,179.19931085823356
24.294570497704,4.802006443434891,35.961548309486844,34.0,1999.2683005884264,2099.779851674414,2301.064172364705,2399.736116908829,270,8.047420347688016,392.79990381046736,8.355772817646189,178.08621981994204
22.255302709369346,4.818350320597761,36.13552680148784,34.0,1999.2413215765787,2099.7716715792712,2301.1033113729545,2399.7264121567664,280,8.076217629792998,363.28438656323215,8.35550396806475,178.21821984674568
20.00156972230176,4.987862655903819,36.275939363674574,34.0,1999.2143511611903,2099.7634896047625,2301.142430848584,2399.71671228786,290,8.108901929114083,332.4725421936714,8.35272799514234,179.59372194466994
17.5999914020153,5.305532700935176,36.37863543071531,34.0,1999.1873893377272,2099.755305751932,2301.1815308013556,2399.7070172996664,300,8.144592286055401,301.77860288788486,8.34753356495064,182.19582914013353
15.121557890450303,5.76197019710246,36.44057932879453,34.0,1999.1604361016618,2099.7471200218297,2301.2206112410313,2399.697327189743,310,8.182309815759178,272.3728556750166,8.340085904367195,185.99060817148504
12.639531153795707,6.34368294936123,36.459940009482196,34.0,1999.1334914484667,2099.7389324154983,2301.2596721773657,2399.6876419556597,320,8.220995901266653,245.14004031566256,8.330620322450217,190.92398433470763
10.22727937269935,7.033475652847849,36.436145175206,34.0,1999.106555373613,2099.7307429339826,2301.298713620102,2399.6779615949754,330,8.25953316455138,220.68018680306722,8.319433228890842,196.91761313708196
7.956108194314912,7.810958182616505,36.36989819619547,34.0,1999.0796278725788,2099.722551578328,2301.3377355789908,2399.668286105254,340,8.296770829118508,199.3406103920002,8.306871219198754,203.86425960328967
5.893152953393786,8.653148321241042,36.26315731898523,34.0,1999.052708940843,2099.7143583495854,2301.376738063769,2399.65861548406,350,8.33155603617608,181.26627673899716,8.29331885519281,211.6233887335998
4.099394166515383,9.535151108060388,36.11907778109777,34.0,1999.0257985738858,2099.7061632487953,2301.4157210841704,2399.648949728961,360,8.362771887119287,166.45708450754063,8.279185759405507,220.01781574356073
2.627854961081514,10.430894728675014,35.941918542969276,34.0,1998.9988967671927,2099.6979662769995,2301.4546846499265,2399.639288837526,370,8.38938151183461,154.82344572335606,8.264893577444315,228.83234762161752
1.5220337214542017,11.31390119302844,35.73691639384477,34.0,1998.9720035162493,2099.689767435242,2301.4936287707615,2399.629632807318,380,8.410475620604357,146.23472520674568,8.250863264617243,237.8153267893664
0.8146182871651444,12.158069018722541,35.51013115344678,34.0,1998.9451188165438,2099.681566724564,2301.532553456394,2399.6199816359103,390,8.425319298191514,140.55787558248494,8.237503045182542,246.6838244848744
0.5265197074886513,12.938444785177193,35.26826654501639,34.0,1998.9182426635682,2099.6733641460078,2301.5714587165407,2399.6103353208746,400,8.433392794731375,137.68560411329435,8.225197293311195,255.13290327399767
0.666254115067337,13.631960751009853,35.0184720348439,34.0,1998.8913750528145,2099.6651597006144,2301.6103445609133,2399.600693859779,410,8.434421156927886,137.5545481646137,8.214296506426908,262.84888199276213
1.2296909904797688,14.218116732474812,34.76813149528605,34.0,1998.8645159797798,2099.656953389424,2301.6492109992146,2399.5910572502025,420,8.428388811074587,140.15431394184515,8.205108487796455,269.5259402594
2.20017526017103,14.679586084039473,34.52464493918159,34.0,1998.8376654399626,2099.6487452134775,2301.6880580411466,2399.5814254897205,430,8.415537382335465,145.52804507045818,8.197890823521641,274.88478277762
3.5490196165141725,15.002727870136713,34.2952097771482,34.0,1998.8108234288652,2099.6405351738154,2301.7268856964024,2399.5717985759047,440,8.396347563950137,153.76467772439074,8.192844722389331,278.69156546007156
5.236352507775631,15.177990088457292,34.08660806367384,34.0,1998.7839899419873,2099.632323271475,2301.7656939746776,2399.5621765063333,450,8.371508095348657,164.98246979164162,8.190110277715206,280.7749897668907
7.212296734024745,15.200192025344204,33.90500602083091,34.0,1998.7571649748368,2099.6241095074956,2301.804482885653,2399.5525592785893,460,8.341876344914764,179.30303163108852,8.189763201658371,281.03949401044133
9.418443806160337,15.068677396291887,33.75577176619887,34.0,1998.7303485229186,2099.6158938829158,2301.843252439016,2399.542946890248,470,8.30843536401586,196.81520501779568,8.191813070547935,279.4728459038397
11.789580488202004,14.787333745564856,33.64331663247415,34.0,1998.7035405817453,2099.6076763987744,2301.8820026444378,2399.5333393388923,480,8.272251642688662,217.52898991915708,8.1962031034509,276.14712619474443
14.255616485314167,14.364477531476657,33.570964769444466,34.0,1998.6767411468284,2099.599457056103,2301.9207335115925,2399.5237366221036,490,8.234436471781002,241.32149654974265,8.202811476873645,271.2129707855328
16.743656299748196,13.812608293518764,33.54085488272071,34.0,1998.649950213686,2099.5912358559394,2301.9594450501463,2399.514138737467,500,8.196112248157565,267.87962740018634,8.211454158725184,264.8878418784063
19.180154006252685,13.148039168471449,33.553877014108714,34.0,1998.6231677778321,2099.5830127993195,2301.9981372697603,2399.504545682566,510,8.158383680876637,296.64757483835217,8.221889227269202,257.43985441049574
21.493087253248508,12.390414677636834,33.609646232197726,34.0,1998.5963938347875,2099.5747878872794,2302.036810180091,2399.4949574549833,520,8.122312967941234,326.79048647222476,8.233822627585493,249.16915679378107
23.614086227636914,11.56213003919372,33.706514010825046,34.0,1998.5696283800753,2099.5665611208556,2302.0754637907967,2399.48537405231,530,8.088897725284257,357.18753262986354,8.246915308732351,240.38898864044754
25.480454652464633,10.687669170428483,33.84161695919739,34.0,1998.5428714092184,2099.5583325010753,2302.1140981115173,2399.47579547213,540,8.05905067918136,386.46658594054315,8.26079167622641,231.40832640361626
27.03702308493333,9.792880944918664,34.01096146518754,34.0,1998.5161229177454,2099.550102028982,2302.1527131518965,2399.4662217120363,550,8.033580661480533,413.08761715096466,8.275049280768453,222.51756155472526
28.23777967199585,8.90421511787317,34.20954173704491,34.0,1998.4893829011864,2099.5418697056007,2302.191308921576,2399.4566527696165,560,8.013175017131452,435.47268583063027,8.289269637152177,213.97805464880875
29.04723031950563,8.047940457024312,34.43148778661126,34.0,1998.4626513550713,2099.533635531967,2302.229885430186,2399.447088642466,570,7.99838394092209,452.168737497413,8.30303002147776,206.01579497881136
29.441447837413566,7.249368260288263,34.670238935597276,34.0,1998.4359282749338,2099.525399509111,2302.268442687353,2399.4375293281746,580,7.989607441481989,462.01854850805586,8.315916021487437,198.81887211341595
29.408779240862728,6.532104149845383,34.91873775144122,34.0,1998.4092136563097,2099.517161638064,2302.306980702703,2399.427974824337,590,7.987085592053654,464.30895500992636,8.327534522871925,192.53808823562906
28.95019020650163,5.917350300725113,35.16963866184605,34.0,1998.3825074947392,2099.5089219198585,2302.3454994858553,2399.41842512855,600,7.990892580206654,458.86681895915,8.3375267055698,187.28983183389843
28.079236527946808,5.423278704782351,35.415525089727815,34.0,1998.3558097857647,2099.5006803555225,2302.3839990464216,2399.408880238408,610,8.000934862313123,446.08259765997616,8.34558052221006,183.1602744689665
26.821663421025125,5.064494014194686,35.64912868164706,34.0,1998.3291205249275,2099.492436946089,2302.4224793940116,2399.3993401515095,620,8.016953495297525,426.8566115806396,8.35144205365843,180.21001015723368
25.214644459229095,4.851601825301731,35.86354417156456,34.0,1998.302439707774,2099.4841916925843,2302.4609405382266,2399.3898048654573,630,8.038530448684318,402.47973750552103,8.354925109633797,178.4783878122134
23.305682788216917,4.790895187253768,36.05243348012765,34.0,1998.2757673298545,2099.4759445960353,2302.4993824886715,2399.380274377847,640,8.065098404398135,374.47335626321376,8.355918479947167,177.9869551813087
21.15120690773898,4.884168575257775,36.21021307969312,34.0,1998.2491033867177,2099.467695657472,2302.5378052549363,2399.3707486862822,650,8.095953312770119,344.4193437414954,8.354390352933816,178.74160979813863
18.81490266450886,5.128664847847632,36.332219039023514,34.0,1998.2224478739183,2099.459444877924,2302.5762088466136,2399.361227788365,660,8.130268904761815,313.80874779819845,8.350389591411371,180.73322625544395
16.365830712689714,5.517156747480871,36.41484488802454,34.0,1998.1958007870105,2099.451192258412,2302.614593273284,2399.3517116816975,670,8.16711259553998,283.9292984119438,8.344043774957605,183.93669527637593
13.87638509622191,6.038160536618983,36.45564822422272,34.0,1998.1691621215516,2099.442937799972,2302.652958544533,2399.3422003638866,680,8.205462770873412,255.80056184352486,8.335554148261258,188.30847394603518
11.420153296965719,6.676275454281686,36.45342290970041,34.0,1998.1425318731026,2099.4346815036206,2302.6913046699337,2399.3326938325345,690,8.244228199341363,230.15499970658783,8.325187826394236,193.78291414848846
9.069741002131613,7.412638959775155,36.40823472430047,34.0,1998.115910037227,2099.4264233703857,2302.7296316590555,2399.323192085254,700,8.282270985734721,207.4558788975122,8.313267770077715,200.2678110769864
6.894625896895468,8.225484305224938,36.32141942112897,34.0,1998.0892966094884,2099.4181634012953,2302.767939521464,2399.3136951196548,710,8.318434742070139,187.9396650479184,8.300161139153143,207.63979064204156
4.9591039191037405,9.090783955930062,36.195543241979436,34.0,1998.0626915854557,2099.4099015973698,2302.8062282667206,2399.3042029333405,720,8.351579240906908,171.67062197905537,8.286266655790014,215.74031715700283
3.320388685851938,9.98295983869167,36.03432705986524,34.0,1998.036094960695,2099.401637959634,2302.8444979043807,2399.2947155239253,730,8.380621659591954,158.59757497964685,8.272001569350524,224.3732215983457
2.026920269558864,10.875639424822367,35.842536390735795,34.0,1998.009506730781,2099.3933724891103,2302.8827484439967,2399.285232889022,740,8.404582811609874,148.6058974842995,8.257788730741597,233.30468710357954
1.1169333201103162,11.742435296512761,35.62584052579551,34.0,1997.9829268912868,2099.385105186822,2302.920979895115,2399.2757550262427,750,8.422634920139112,141.560798445339,8.244044178546584,242.26654057124026
0.6173268573713168,12.55772515300932,35.39064494850205,34.0,1997.956355437792,2099.3768360537915,2302.95919226728,2399.2662819332036,760,8.434146074584293,137.34037605923947,8.231165533601521,250.9634548466287
0.5428691418984486,13.297409200124177,35.143901989922185,34.0,1997.9297923658726,2099.368565091042,2302.9973855700255,2399.2568136075174,770,8.438716021406062,135.8584534935604,8.219521408860533,259.08425556770806
0.8957611277746549,13.939622535160398,34.89290531930332,34.0,1997.9032376711104,2099.3602922995897,2303.0355598128863,2399.2473500468036,780,8.436198631474182,137.07794257345316,8.20944197526534,266.3169769765829
1.6655714033034144,14.465381469304793,34.645074344547666,34.0,1997.8766913490883,2099.352017680454,2303.0737150053887,2399.237891248679,790,8.426708160529076,141.01554570871716,8.201210782241,272.3666910343691
2.8295445413581377,14.859144680695799,34.40773489633985,34.0,1997.8501533953968,2099.3437412346602,2303.1118511570544,2399.2284372107624,800,8.410608847806426,147.73822783434989,8.195057908244982,276.97455073064543
4.353273744026528,15.109272612718915,34.187902678190184,34.0,1997.8236238056195,2099.3354629632277,2303.1499682774033,2399.2189879306775,810,8.388489860410642,157.35132174926164,8.191154504707551,279.9360671130803
6.191717901363458,15.208371537200774,33.99207588350319,34.0,1997.7971025753488,2099.327182867172,2303.1880663759484,2399.20954340604,820,8.361129482006312,169.977635368827,8.189608788420042,281.11649413372504
8.290532996896204,15.153512111127789,33.826043110480974,34.0,1997.770589700179,2099.318900947511,2303.2261454621967,2399.2001036344773,830,8.329453360275942,185.7267751675055,8.190463527438531,280.4613946458578
10.587678504974823,14.946315967351365,33.6947122524283,34.0,1997.7440851757037,2099.310617205263,2303.2642055456527,2399.1906686136144,840,8.294491469842395,204.65434985459848,8.19369505139093,278.0010018488645
13.015251294345674,14.592907779648334,33.60196542151088,34.0,1997.7175889975229,2099.3023316414447,2303.302246635815,2399.1812383410725,850,8.257337416721013,226.7120022238229,8.199213798995585,273.847790597129
15.501492831184185,14.10373421870438,33.55054419425184,34.0,1997.6911011612333,2099.294044257073,2303.3402687421803,2399.1718128144835,860,8.219112206409271,251.69145935214374,8.206866395668913,268.18758556130564
17.97291034692589,13.493255150498355,33.54196857112584,34.0,1997.664621662441,2099.285755053165,2303.3782718742355,2399.1623920314737,870,8.180933076479363,279.16888033232993,8.216439235197353,261.2653828213275
20.3564492679073,12.779516205817705,33.57649204572663,34.0,1997.6381504967494,2099.2774640307302,2303.416256041467,2399.152975989665,880,8.14388683372124,308.4592065517889,8.227663524021638,253.36768877318073
22.58165269259343,11.983615355395852,33.65309411153851,34.0,1997.611687659764,2099.269171190793,2303.4542212533543,2399.143564686693,890,8.109006545613601,338.5929633737894,8.240221735626669,244.80348162755027
24.582744081970635,11.129079258759921,33.76951042781913,34.0,1997.5852331470962,2099.2608765343634,2303.49216751937,2399.134158120189,900,8.077250427034253,368.3285861442916,8.253755414143065,235.88585028960583
26.30057160691628,10.24116781934663,33.92229975402471,34.0,1997.5587869543594,2099.2525800624544,2303.5300948489903,2399.124756287786,910,8.049482175044659,396.21041353231607,8.267874256043145,226.91601307894265
27.68435664811989,9.346127509578185,34.106945670272424,34.0,1997.5323490771666,2099.244281776078,2303.568003251679,2399.1153591871143,920,8.026452586478962,420.6753024148607,8.28216637950143,218.17086902740027
28.693194807416667,8.470415533484159,34.317990080368865,34.0,1997.5059195111337,2099.2359816762514,2303.605892736894,2399.1059668158086,930,8.008782802648055,440.2001399408088,8.296209655193472,209.89461268045932
29.29726505267656,7.63991774676404,34.54919455829957,34.0,1997.4794982518786,2099.2276797639825,2303.6437633140936,2399.0965791715093,940,7.9969498234763625,453.47086770040534,8.309583913521566,202.29436432434701
29.478711195202916,6.879183488433609,34.79372474856625,34.0,1997.4530852950236,2099.219376040286,2303.681614992731,2399.08719625185,950,7.991274998398201,459.5446866022705,8.321883759006807,195.53931295691413
29.232169726145067,6.210699899014073,35.044352391513364,34.0,1997.426680636192,2099.21107050617,2303.719447782248,2399.0778180544703,960,7.991916095805055,457.97443057204816,8.33273162153191,189.76257598515124
28.56492835927211,5.654227212240595,35.29366898694136,34.0,1997.4002842710106,2099.202763162648,2303.7572616920947,2399.0684445770094,970,7.998863369400845,448.8695182296556,8.341790565230253,185.06485014576242
27.49671061140017,5.226214641411781,35.5343047880778,34.0,1997.3738961951071,2099.194454010729,2303.7950567317002,2399.059075817109,980,8.011939816554786,432.8805653206252,8.348776284199918,181.51893231392162
26.059092766888078,4.939314145992409,35.759146654729044,34.0,1997.3475164041101,2099.186143051422,2303.8328329105047,2399.04971177241,990,8.030805569772086,411.11118456654765,8.353467658823481,179.17428875096994
24.294570497679967,4.802006443434089,35.96154830948923,34.0,1997.3211448936565,2099.177830285737,2303.870590237933,2399.040352440554,1000,8.054966071892029,384.97583212131934,8.35571525071344,178.0610046064958
22.255302709463205,4.818350320593679,36.13552680148097,34.0,1997.294781659378,2099.1695157146787,2303.908328723406,2399.030997819182,1010,8.083783402353326,356.0323189235792,8.355447188463582,178.19262065438156
20.001569722395455,4.98786265589403,36.27593936366967,34.0,1997.2684266969136,2099.1611993392594,2303.946048376345,2399.0216479059463,1020,8.116489950289026,325.8194233877108,8.352672040566896,179.5675406652237
17.599991401959137,5.3055327009441084,36.378635430717196,34.0,1997.2420800019029,2099.152881160484,2303.9837492061647,2399.0123026984925,1030,8.15220370343485,295.7243838331951,8.347478471432307,182.16886251244162
15.121557890301304,5.761970197133624,36.44057932879697,34.0,1997.2157415699867,2099.144561179362,2304.0214312222706,2399.002962194462,1040,8.18994482606958,266.89471800428726,8.34003170520376,185.96265035804623
12.63953115385572,6.34368294934561,36.459940009482274,34.0,1997.189411396812,2099.1362393968984,2304.0590944340724,2398.993626391512,1050,8.22865388264935,240.1975589163427,8.330567047180347,190.89483028331705
10.227279372814955,7.033475652811628,36.43614517520823,34.0,1997.1630894780246,2099.1279158140974,2304.0967388509653,2398.984295287287,1060,8.267212819000756,216.22064407642858,8.319380902343811,196.88706297406324
7.956108194345979,7.810958182604917,36.3698981961967,34.0,1997.1367758092733,2099.119590431965,2304.1343644823473,2398.974968879441,1070,8.304470320960153,195.30384264046182,8.306819860673222,203.8321242139892
5.893152953238806,8.65314832131033,36.26315731897514,34.0,1997.1104703862084,2099.1112632515083,2304.171971337609,2398.965647165626,1080,8.33927311798264,177.58865293345076,8.293268477812806,211.58949656322673
4.099394166502282,9.535151108067474,36.1190777810965,34.0,1997.0841732044858,2099.102934273726,2304.2095594261364,2398.956330143494,1090,8.37050400741882,163.0744341600533,8.279136369708592,219.98202067550952
2.6278549611395627,10.430894728634916,35.94191854297789,34.0,1997.0578842597588,2099.094603499627,2304.2471287573107,2398.9470178107013,1100,8.397125899863198,151.67292833906413,8.26484517522735,228.79453759731484
1.5220337214890045,11.31390119299533,35.73691639385304,34.0,1997.0316035476885,2099.0862709302123,2304.2846793405056,2398.9377101649025,1110,8.418229343853376,143.25575351176673,8.25081584307136,237.77543260315662
0.8146182871511446,12.158069018745515,35.51013115344015,34.0,1997.0053310639346,2099.077936566485,2304.322211185094,2398.9284072037553,1120,8.43307929079009,137.69227029396433,8.237456591296317,246.64182800888008
0.526519707484596,12.938444785216845,35.268266545003165,34.0,1996.97906680416,2099.0696004094452,2304.3597243004406,2398.9191089249166,1130,8.441155859302837,134.87718186591792,8.225151788505737,255.08884422598658
0.6662541150576252,13.631960750992178,35.018472034850795,34.0,1996.9528107640306,2099.061262460097,2304.397218695909,2398.909815326048,1140,8.44218394862137,134.74834239064486,8.214251927361108,262.80286232514055
1.2296909904716182,14.218116732469197,34.7681314952887,34.0,1996.9265629392132,2099.0529227194406,2304.434694380858,2398.900526404811,1150,8.43614781777503,137.29561628076152,8.205064807273965,269.4781253323293
2.200175260216844,14.679586084054955,34.52464493917225,34.0,1996.9003233253777,2099.044581188475,2304.472151364643,2398.891242158865,1160,8.423288917389955,142.56144381189503,8.197848011440282,274.8353986979721
3.5490196165260666,15.002727870138688,34.29520977714647,34.0,1996.874091918196,2099.0362378682016,2304.5095896566104,2398.8819625858737,1170,8.404087785926894,150.63326638733295,8.192802746668564,278.64089232801507
5.2363525077314925,15.177990088454923,34.086608063678554,34.0,1996.8478687133436,2099.027892759619,2304.547009266103,2398.8726876835008,1180,8.379233063865586,161.62740413920966,8.190069105168186,280.7233509951354
7.21229673397707,15.20019202534544,33.90500602083469,34.0,1996.8216537064964,2099.0195458637263,2304.58441020246,2398.8634174494114,1190,8.349582114472751,175.6636224306663,8.189722798799398,280.98724233186124
9.418443806187048,15.068677396289466,33.75577176619735,34.0,1996.7954468933335,2099.011197181519,2304.6217924750135,2398.8541518812717,1200,8.316118111501645,192.8297365116256,8.191773404339262,279.4203470887392
11.789580488285415,14.787333745552722,33.64331663247096,34.0,1996.7692482695363,2099.002846714,2304.659156093093,2398.8448909767512,1210,8.279907820604352,213.1364355611146,8.196164142010069,276.0947417771066
14.255616485281674,14.364477531483068,33.57096476944514,34.0,1996.7430578307901,2098.9944944621616,2304.6965010660247,2398.835634733518,1220,8.242062978437028,236.464247252211,8.202773190166667,271.16104120879703
16.743656299680353,13.812608293535526,33.540854882720936,34.0,1996.716875572779,2098.986140427003,2304.7338274031313,2398.826383149242,1230,8.203706606534176,262.5072388913899,8.211416519267019,264.8366713934663
19.180154006231877,13.148039168477668,33.55387701410842,34.0,1996.6907014911908,2098.977784609524,2304.7711351137264,2398.8171362215917,1240,8.165944217501083,290.72137475022834,8.221852210834305,257.38969881347475
21.493087253344413,12.390414677602534,33.60964623220102,34.0,1996.6645355817172,2098.969427010714,2304.80842420712,2398.8078939482452,1250,8.129838980497745,320.2886710654079,8.233786213916616,249.1202147136867
23.614086227647324,11.562130039189299,33.70651401082564,34.0,1996.63837784005,2098.961067631571,2304.8456946926194,2398.79865632687,1260,8.096389623272058,350.11016322915646,8.24687948221219,240.34139665674974
25.48045465253119,10.687669170397564,33.84161695920395,34.0,1996.6122282618867,2098.952706473089,2304.882946579525,2398.7894233551438,1270,8.06651007773221,378.83972316125045,8.260756426470975,231.36215784613637
27.037023084882588,9.792880944951548,34.01096146518025,34.0,1996.586086842924,2098.944343536261,2304.920179877137,2398.7801950307407,1280,8.041010407263615,404.9657718778663,8.275014603073497,222.47282850400083
28.237779672022256,8.904215117850137,34.20954173705048,34.0,1996.559953578861,2098.93597882208,2304.9573945947436,2398.7709713513427,1290,8.020579128896985,426.9388708093734,8.289235532759538,213.93471239977848
29.04723031947329,8.047940457068934,34.431487786598815,34.0,1996.5338284654001,2098.9276123315435,2304.9945907416363,2398.7617523146196,1300,8.005767456298202,443.3316850486719,8.302996497601484,205.9737481510979
29.441447837425407,7.249368260238117,34.670238935613405,34.0,1996.5077114982466,2098.919244065639,2305.0317683270955,2398.7525379182543,1310,7.996976174378345,453.00708098745963,8.315883091112848,198.77798157457755
29.40877924087845,6.53210414988785,34.918737751425304,34.0,1996.4816026731053,2098.910874025358,2305.068927360401,2398.7433281599283,1320,7.99444581907925,455.26397115864506,8.32750220430213,192.49817815178235
28.950190206426477,5.917350300662487,35.16963866187411,34.0,1996.455501985684,2098.902502211697,2305.1060678508234,2398.734123037324,1330,7.998250686425427,449.93178536500875,8.337495021790515,187.2506962904709
28.07923652801763,5.42327870481074,35.41552508971186,34.0,1996.429409431698,2098.8941286256436,2305.1431898076353,2398.724922548121,1340,8.008296983949506,437.3937105764838,8.345549500071277,183.12168335209128
26.82166342101537,5.064494014192766,35.64912868164858,34.0,1996.4033250068571,2098.8857532681877,2305.1802932400997,2398.7157266900026,1350,8.02432519772383,418.53385563655405,8.351411722970894,180.1717141327725
25.214644459163672,4.851601825296633,35.863544171572066,34.0,1996.3772487068777,2098.877376140321,2305.2173781574784,2398.7065354606575,1360,8.045916471823917,394.61990020227444,8.354895502182856,178.4401224655135
23.305682788236368,4.790895187253595,36.052433480126,34.0,1996.3511805274811,2098.8689972430284,2305.2544445690232,2398.6973488577737,1370,8.072502495869468,367.14570043565095,8.355889628488418,177.94844448854593
21.15120690779641,4.884168575253453,36.21021307968953,34.0,1996.3251204643827,2098.8606165773012,2305.291492483988,2398.688166879033,1380,8.103378154176363,337.6641789880801,8.35436229018075,178.70256923220592
18.814902664534745,5.128664847844216,36.332219039022405,34.0,1996.2990685133072,2098.8522341441326,2305.3285219116183,2398.678989522126,1390,8.137716122158835,307.63868190812894,8.350362349032013,180.69336589389306
16.36583071260413,5.517156747496636,36.41484488802667,34.0,1996.2730246699805,2098.843849944505,2305.3655328611535,2398.6698167847408,1400,8.174582834722816,278.3325887975693,8.344017382593215,183.8957233155318
13.876385096200394,6.038160536624006,36.455648224222884,34.0,1996.2469889301296,2098.835463979405,2305.4025253418345,2398.660648664571,1410,8.212955813743744,250.74578677087266,8.33552863258506,188.26610102162175
11.42015329701818,6.67627545426667,36.45342290970094,34.0,1996.2209612894837,2098.8270762498214,2305.4394993628875,2398.6514851593074,1420,8.251743099236768,225.59624195481732,8.325163210234946,193.7388588171075
9.069741002180642,7.412638959758375,36.4082347243019,34.0,1996.1949417437743,2098.8186867567388,2305.4764549335455,2398.642326266644,1430,8.289806204958323,203.33772804609993,8.31324407165047,200.2218067123806
6.894625896876321,8.225484305232767,36.32141942112796,34.0,1996.1689302887332,2098.8102955011436,2305.5133920630274,2398.6331719842724,1440,8.325988280918253,184.20154081923357,8.300138371445577,207.591593849982
4.959103919043287,9.090783955959761,36.195543241974576,34.0,1996.1429269200992,2098.8019024840237,2305.5503107605523,2398.6240223098916,1450,8.359148751674859,168.25013930849022,8.286244826151611,215.68971760657195
3.320388685868385,9.982959838681623,36.03432705986723,34.0,1996.1169316336109,2098.793507706358,2305.587211035336,2398.6148772411966,1460,8.38820454070598,155.4328652500899,8.271980679323606,224.32005291727154
2.026920269587068,10.875639424799846,35.842536390741024,34.0,1996.0909444250067,2098.7851111691352,2305.624092896586,2398.6057367758867,1470,8.412176277405928,145.6369444218145,8.257768776150511,233.24883821303047
1.1169333201167875,11.742435296505079,35.625840525797564,34.0,1996.0649652900338,2098.7767128733376,2305.6609563535053,2398.596600911655,1480,8.430236042916196,138.7299359400551,8.244025149844859,242.20796656860662
0.617326857360399,12.557725153038936,35.39064494849287,34.0,1996.0389942244328,2098.768312819947,2305.6978014152983,2398.5874696462092,1490,8.441751798926065,134.59213653346205,8.231147416437823,250.9021863477811
0.5428691419008042,13.297409200135837,35.143901989918,34.0,1996.0130312239555,2098.7599110099463,2305.7346280911534,2398.578342977242,1500,8.446323156183515,133.13896398197974,8.219504184808414,259.0204053190675
0.8957611277818741,13.939622535167928,34.8929053193001,34.0,1995.9870762843486,2098.7515074443145,2305.7714363902683,2398.5692209024623,1510,8.44380383081656,134.33405707097492,8.2094256226418,266.25074260466323
1.6655714032913245,14.465381469299068,34.6450743445507,34.0,1995.9611294013653,2098.7431021240377,2305.8082263218253,2398.560103419572,1520,8.434307909023358,138.19388985016454,8.20119527694814,272.2983530191446
2.8295445413359674,14.859144680690465,34.40773489634363,34.0,1995.9351905707608,2098.734695050097,2305.844997895005,2398.5509905262757,1530,8.41819946548846,144.78432446958402,8.195043224567279,276.90446509354905
4.353273744045317,15.109272612720856,34.18790267818787,34.0,1995.9092597882893,2098.7262862234697,2305.8817511189873,2398.5418822202796,1540,8.396067539374293,154.208967115369,8.191140616026681,279.86465282949905
6.191717901397768,15.208371537201163,33.992075883500036,34.0,1995.8833370497114,2098.717875645137,2305.9184860029436,2398.532778499289,1550,8.368690359992065,166.58870346458983,8.189595667829915,281.0442158693626
8.290532996900929,15.153512111127519,33.82604311048064,34.0,1995.8574223507876,2098.709463316078,2305.9552025560383,2398.5236793610147,1560,8.336993629757087,182.03163529073703,8.190451148270201,280.3887419704242
10.587678504894331,14.946315967360926,33.69471225243212,34.0,1995.8315156872839,2098.701049237271,2305.991900787439,2398.5145848031643,1570,8.302007516185192,200.59307679652593,8.193683387677844,277.9284665130747
13.015251294347637,14.59290777964799,33.601965421510826,34.0,1995.8056170549642,2098.692633409695,2306.028580706301,2398.505494823451,1580,8.264825976943946,222.22652459837775,8.199202825919208,273.77584369405514
15.501492831226741,14.103734218694944,33.55054419425134,34.0,1995.7797264495944,2098.684215834326,2306.065242321779,2398.4964094195825,1590,8.226570540204271,246.72871299719432,8.206856090021404,268.1166563906027
17.972910346955135,13.493255150490397,33.541968571126006,34.0,1995.7538438669474,2098.675796512141,2306.1018856430246,2398.487328589272,1600,8.188359141453256,273.6849001955879,8.216429575889796,261.19584103066353
20.356449267873778,12.779516205828696,33.576492045725814,34.0,1995.7279693027942,2098.667375444121,2306.1385106791827,2398.47825233023,1610,8.151279455492258,302.42390450644024,8.22765449264274,253.29983092152307
22.581652692562947,11.98361535540775,33.65309411153713,34.0,1995.7021027529079,2098.6589526312387,2306.1751174393908,2398.469180640175,1620,8.116365569807977,331.9951240146778,8.240213317034446,244.7375227674329
24.58274408199308,11.129079258749403,33.76951042782074,34.0,1995.6762442130675,2098.6505280744714,2306.2117059327884,2398.4601135168245,1630,8.084576835721792,361.18041354720606,8.253747597047141,235.82192059878327
26.300571606937204,10.24116781932773,33.922299754024536,34.0,1995.6503936790532,2098.6421017747916,2306.248276168502,2398.451050957896,1640,8.056778147183506,388.550840926023,8.267867033523503,226.85415906533356
27.68435664807871,9.346127509608614,34.10694567026563,34.0,1995.6245511466445,2098.6336737331744,2306.2848281556603,2398.4419929611063,1650,8.03372148297561,412.5712935134246,8.282159749404235,218.11105845703912
28.693194807442506,8.470415533456903,34.31799008037592,34.0,1995.598716611626,2098.625243950598,2306.321361903384,2398.4329395241743,1660,8.01602906287964,431.74539937548457,8.296203620354403,209.83674216570432
29.29726505267249,7.639917746772096,34.549194558297145,34.0,1995.5728900697843,2098.616812428033,2306.3578774207926,2398.42389064482,1670,8.004178771009842,444.7817275706208,8.309578481768586,202.23826847325256
29.47871119520238,6.879183488419529,34.79372474857113,34.0,1995.547071516905,2098.6083791664505,2306.3943747169988,2398.414846320768,1680,7.9984925670231535,450.75338604053604,8.32187894295114,195.48477405995388
29.232169726140587,6.210699899008252,35.044352391515744,34.0,1995.5212609487792,2098.599944166826,2306.4308538011096,2398.4058065497384,1690,7.999128500050012,449.22045905034446,8.332727438138024,189.70933343585645
28.56492835926972,5.654227212239148,35.29366898694206,34.0,1995.4954583612016,2098.5915074301324,2306.467314682229,2398.3967713294564,1700,8.006076753313614,440.2900470358834,8.341787035212226,185.0126090208276
27.496710611351435,5.226214641405382,35.534304788094154,34.0,1995.4696637499649,2098.5830689573368,2306.5037573694567,2398.3877406576485,1710,8.019159918562751,424.6011617048201,8.348773431278488,181.4673708162484
26.05909276694118,4.9393141459994405,35.75914665472195,34.0,1995.4438771108667,2098.574628749415,2306.54018187189,2398.3787145320393,1720,8.038037438724421,403.2379495117407,8.353465508891711,179.12306445935664
24.294570497682503,4.802006443434185,35.96154830948898,34.0,1995.4180984397074,2098.566186807334,2306.576588198614,2398.3696929503585,1730,8.062213860374785,377.58983852169837,8.355713830952409,178.009759686379
22.2553027094251,4.818350320595337,36.13552680148376,34.0,1995.3923277322858,2098.5577431320626,2306.612976358717,2398.360675910331,1740,8.091050249901,349.1868153420743,8.355446526434323,178.14098634989665
20.00156972236285,4.987862655897434,36.275939363671384,34.0,1995.3665649844095,2098.549297724574,2306.6493463612805,2398.3516634096914,1750,8.123777954445249,319.53980597371844,8.352672163303561,179.51514150337624
17.599991401989957,5.305532700939215,36.37863543071616,34.0,1995.3408101918826,2098.5408505858363,2306.685698215382,2398.3426554461653,1760,8.159513964161867,290.0105288291847,8.347479404550352,182.11532071801986
15.121557890346788,5.761970197124113,36.440579328796225,34.0,1995.3150633505127,2098.532401716817,2306.7220319300905,2398.33365201749,1770,8.19727754171036,261.72498985703646,8.340033472040263,185.9075909913968
12.639531153827372,6.343682949352989,36.45994000948224,34.0,1995.2893244561126,2098.523951118484,2306.7583475144747,2398.3246531213945,1780,8.23600847448515,235.53370071961518,8.330569667992014,190.83788757375834
10.227279372771255,7.033475652825322,36.43614517520739,34.0,1995.263593504493,2098.515498791808,2306.794644977596,2398.315658755613,1790,8.27458806525871,212.01280604222814,8.319384393597526,196.82788822399237
7.956108194339912,7.810958182607177,36.369898196196466,34.0,1995.2378704914688,2098.5070447377484,2306.8309243285125,2398.306668917886,1800,8.31186448711043,191.4951634081799,8.306824234470247,203.77039548753717
5.8931529533077915,8.65314832127949,36.26315731897964,34.0,1995.2121554128576,2098.498588957278,2306.8671855762827,2398.2976836059443,1810,8.34668407534141,174.11901730675817,8.29327374149366,211.52493014298753
4.099394166501827,9.535151108067733,36.11907778109645,34.0,1995.1864482644771,2098.4901314513595,2306.9034287299523,2398.288702817526,1820,8.377929334859552,159.88323568175488,8.279142525676127,219.91438398441792
2.627854961116188,10.430894728651065,35.94191854297441,34.0,1995.1607490421522,2098.4816722209625,2306.9396537985644,2398.27972655037,1830,8.404562964129852,148.7008310095003,8.264852221016346,228.72366295134228
1.5220337214770647,11.313901193006688,35.73691639385021,34.0,1995.1350577417043,2098.4732112670463,2306.975860791164,2398.2707548022204,1840,8.425675354429053,140.44555960052827,8.250823771655098,237.70123083818692
0.8146182871584738,12.158069018733501,35.510131153443616,34.0,1995.1093743589627,2098.4647485905784,2307.012049716785,2398.261787570814,1850,8.440531327297531,134.98906272076024,8.237465391606111,246.56430073406096
0.5265197074858194,12.938444785204984,35.268266545007144,34.0,1995.0836988897522,2098.4562841925217,2307.048220584458,2398.252824853897,1860,8.448610873827732,132.22793174248832,8.225161446107334,255.0080932828493
0.6662541150414353,13.63196075096265,35.018472034862334,34.0,1995.0580313299047,2098.4478180738415,2307.0843734032087,2398.243866649209,1870,8.449638751151598,132.10117032775045,8.214262425218177,262.7190950146256
1.2296909904709534,14.218116732468657,34.76813149528894,34.0,1995.0323716752523,2098.439350235496,2307.1205081820613,2398.2349129544964,1880,8.443599058060903,134.59888435448062,8.205076126516305,269.3916541653731
2.200175260316556,14.679586084088697,34.524644939151926,34.0,1995.0067199216314,2098.430880678451,2307.156624930031,2398.225963767505,1890,8.430733078773207,139.76284456432188,8.197860132073037,274.7466348190727
3.549019616516187,15.00272787013712,34.29520977714789,34.0,1994.981076064879,2098.4224094036663,2307.192723656136,2398.2170190859774,1900,8.411521204949672,147.67907204312863,8.192815648167636,278.55033235373367
5.236352507644989,15.177990088450274,34.086608063687756,34.0,1994.9554401008324,2098.413936412103,2307.2288043693784,2398.2080789076663,1910,8.386651984205255,158.46204423905843,8.190082766937655,280.6315577063291
7.2122967339152195,15.200192025347029,33.90500602083959,34.0,1994.9298120253347,2098.405461704725,2307.264867078766,2398.1991432303184,1920,8.356982776961532,172.22976679357149,8.189737200506082,280.8948203614147
9.41844380629303,15.068677396279877,33.7557717661913,34.0,1994.9041918342293,2098.3969852824875,2307.300911793301,2398.1902120516847,1930,8.323496875972147,189.06906328010174,8.191788526152237,279.3279153649029
11.789580488365266,14.787333745541112,33.6433166324679,34.0,1994.8785795233625,2098.388507146353,2307.336938521971,2398.1812853695164,1940,8.28726131189752,208.9912471271995,8.196179964796821,276.00290487857234
14.255616485194333,14.364477531500258,33.57096476944694,34.0,1994.8529750885818,2098.380027297283,2307.3729472737728,2398.172363181564,1950,8.249388248160933,231.88004418430245,8.202789695703776,271.0703619109558
16.743656299569146,13.812608293562969,33.54085488272133,34.0,1994.8273785257386,2098.3715457362296,2307.4089380576934,2398.163445485582,1960,8.211001302716856,257.436259770868,8.211433690513195,264.7476465127249
19.180154006239455,13.148039168475352,33.55387701410854,34.0,1994.801789830686,2098.363062464157,2307.444910882709,2398.1545322793286,1970,8.173206753973288,285.12695319442037,8.221870032290422,257.3027400202618
21.493087253529215,12.390414677536414,33.60964623220738,34.0,1994.7762089992766,2098.354577482023,2307.4808657578005,2398.145623560555,1980,8.1370686953937,314.1500617291646,8.233804672076142,249.03563535667644
23.614086227626917,11.562130039198028,33.70651401082444,34.0,1994.7506360273692,2098.346090790781,2307.51680269194,2398.1367193270207,1990,8.103586911862127,343.4272797075217,8.246898566072709,240.25940494165755
25.48045465257689,10.687669170370228,33.84161695920704,34.0,1994.7250709108246,2098.337602391391,2307.5527216940964,2398.1278195764808,2000,8.073676480786029,371.63706631629645,8.260776128068946,231.2828560339967
27.037023084751368,9.79288094503637,34.0109614651623,34.0,1994.6995136455027,2098.3291122848036,2307.5886227732326,2398.118924306696,2010,8.048148635038809,397.29476901776945,8.2750349179551,222.39621727615827
28.23777967213467,8.904215117752356,34.20954173707405,34.0,1994.673964227266,2098.320620471981,2307.6245059383077,2398.1100335154274,2020,8.027693004210265,418.87794363416225,8.289256460357516,213.86069914407454
29.047230319404374,8.047940457163774,34.4314877865724,34.0,1994.6484226519824,2098.3121269538765,2307.660371198276,2398.1011472004348,2030,8.012861768793245,434.9836301055368,8.303018041417195,205.9021578284117
29.44144783746072,7.249368260089635,34.67023893566114,34.0,1994.6228889155184,2098.303631731443,2307.69621856209,2398.0922653594816,2040,8.00405645008158,444.4937461428129,8.315905258741312,198.70856879568058
29.408779240908263,6.532104149968677,34.918737751394985,34.0,1994.597363013746,2098.2951348056313,2307.7320480386943,2398.08338799033,2050,8.001518022774112,446.71866523709116,8.32752500719883,192.43063938211142
28.950190206294383,5.917350300552207,35.1696386619235,34.0,1994.5718449425367,2098.2866361774004,2307.7678596370283,2398.0745150907446,2060,8.005320885549654,441.4902649400393,8.337518474903785,187.18468126898597
28.079236528140118,5.423278704859879,35.41552508968424,34.0,1994.5463346977647,2098.278135847702,2307.80365336603,2398.065646658495,2070,8.015371009715171,429.18485177887686,8.345573621259037,183.0568052576379
26.821663420957265,5.064494014181203,35.64912868165765,34.0,1994.5208322753076,2098.269633817488,2307.839429234635,2398.056782691341,2080,8.03140833979991,410.67117770528506,8.351436532348167,180.10755823035893
25.214644459086042,4.851601825290553,35.86354417158098,34.0,1994.4953376710434,2098.261130087712,2307.8751872517714,2398.0479231870554,2090,8.053013237006956,387.1949474801246,8.354921021356228,178.37625334751093
23.30568278830547,4.790895187253013,36.05243348012011,34.0,1994.4698508808544,2098.252624659322,2307.9109274263596,2398.039068143406,2100,8.079616449993319,360.22394891127453,8.355915879768295,177.88441218045978
21.151206907908033,4.884168575245074,36.210213079682575,34.0,1994.4443719006233,2098.2441175332724,2307.946649767319,2398.0302175581674,2110,8.110511852282228,331.28369393984667,8.354389295772323,178.63791464238892
18.814902664542288,5.128664847843263,36.33221903902207,34.0,1994.4189007262364,2098.2356087105136,2307.9823542835607,2398.021371429106,2120,8.144871118327279,301.81131572099815,8.350390130232299,180.6276261755417
16.365830712377715,5.517156747538347,36.414844888032334,34.0,1994.3934373535817,2098.227098191994,2308.0180409840027,2398.012529753995,2130,8.181759753125565,273.047165873898,8.34404595901444,183.82843775661237
13.876385096212505,6.038160536621156,36.455648224222806,34.0,1994.3679817785487,2098.2185859786628,2308.053709877549,2398.00369253061,2140,8.220154458370722,245.97253394368545,8.335558021428833,188.1968180587922
11.420153297138663,6.676275454232223,36.45342290970212,34.0,1994.3425339970297,2098.2100720714707,2308.089360973095,2397.9948597567236,2150,8.25896258140427,221.29169879735542,8.325193425639842,193.66714468756584
9.069741002255087,7.412638959732936,36.408234724304066,34.0,1994.3170940049195,2098.201556471365,2308.124994279539,2397.986031430112,2160,8.29704507280838,199.44948066229156,8.313275124162743,200.14725608670176
6.894625896780585,8.225484305271902,36.321419421123004,34.0,1994.2916617981143,2098.193039179292,2308.1606098057773,2397.977207548551,2170,8.333244640978094,180.6723094667829,8.300170267649847,207.51384255839798
4.959103918975098,9.090783955993295,36.19554324196912,34.0,1994.2662373725138,2098.1845201962,2308.196207560698,2397.968388109822,2180,8.366420376445827,165.02095718884362,8.286277568503403,215.60845725353667
3.320388685921839,9.982959838649073,36.03432705987368,34.0,1994.240820724018,2098.1759995230386,2308.231787553175,2397.9595731116997,2190,8.395488957778849,152.44526900804684,8.272014266203023,224.2350468139439
2.0269202696408026,10.875639424756988,35.84253639075098,34.0,1994.2154118485298,2098.1674771607545,2308.267349792099,2397.9507625519677,2200,8.4194708358072,142.83423279851675,8.257803202145675,233.15993765720393
1.1169333201159946,11.742435296506155,35.62584052579727,34.0,1994.190010741956,2098.1589531102923,2308.3028942863384,2397.941956428409,2210,8.437537953394282,136.05763648572096,8.244060406244868,242.11512613673406
0.6173268573345074,12.55772515310906,35.390644948471156,34.0,1994.164617400203,2098.1504273725955,2308.338421044766,2397.933154738802,2220,8.449058148045305,131.99785898060964,8.231183491879486,250.80547659793868
0.5428691418973915,13.297409200119024,35.14390198992407,34.0,1994.1392318191804,2098.1418999486123,2308.3739300762454,2397.9243574809298,2230,8.45363089927701,130.57182663966415,8.219541066008407,258.92002119107804
0.8957611277718331,13.939622535157453,34.89290531930457,34.0,1994.1138539947997,2098.1333708392854,2308.4094213896396,2397.915564652581,2240,8.451109774495015,131.7438642587441,8.2094632951212,266.1470059274913
1.6655714033100533,14.465381469307951,34.64507434454601,34.0,1994.088483922976,2098.124840045558,2308.444894993804,2397.9067762515406,2250,8.441608697757596,135.53022648132355,8.201233725691893,272.19170787749226
2.829544541365835,14.859144680697659,34.40773489633854,34.0,1994.0631215996223,2098.1163075683753,2308.4803508975942,2397.8979922755916,2260,8.425491587101085,141.99572677844003,8.195082434539817,276.7954654340606
4.353273744017313,15.109272612717971,34.18790267819132,34.0,1994.0377670206617,2098.107773408679,2308.5157891098543,2397.889212722526,2270,8.403347360674594,151.24232966436452,8.191180572517265,279.753942447999
6.191717901349009,15.208371537200609,33.99207588350452,34.0,1994.0124201820122,2098.099237567412,2308.5512096394305,2397.8804375901314,2280,8.375954197590639,163.38909018229307,8.189636356628885,280.93250177311256
8.290532996896397,15.15351211112777,33.82604311048096,34.0,1993.9870810795974,2098.0907000455154,2308.5866124951604,2397.8716668761986,2290,8.344237854550817,178.54266948840444,8.190492555709586,280.2767628983498
10.587678505008618,14.94631596734735,33.694712252426704,34.0,1993.9617497093413,2098.0821608439323,2308.6219976858815,2397.862900578519,2300,8.309228685273261,196.75808031270304,8.193725500593319,277.81695899522157
13.015251294342344,14.5929077796489,33.60196542151099,34.0,1993.9364260671716,2098.0736199636012,2308.657365220419,2397.854138694886,2310,8.272020984830181,217.99054451424735,8.199245631602881,273.66550833323
15.501492831165235,14.103734218708574,33.55054419425207,34.0,1993.9111101490175,2098.065077405465,2308.6927151076015,2397.84538122309,2320,8.233736781294429,242.0415006126215,8.20689957623629,268.0081269998427
17.972910346914688,13.4932551505014,33.54196857112579,34.0,1993.885801950809,2098.056533170465,2308.7280473562496,2397.8366281609274,2330,8.195494676281287,268.50478100398436,8.216473730993556,261.0896588801651
20.356449267925203,12.77951620581181,33.57649204572706,34.0,1993.86050146848,2098.047987259536,2308.763361975185,2397.827879506196,2340,8.158383171825632,296.72230205926076,8.227699305846585,253.19642569165893
22.58165269260378,11.983615355391787,33.653094111539,34.0,1993.835208697968,2098.0394396736206,2308.7986589732154,2397.819135256688,2350,8.123437326427425,325.761296189724,8.240258778787746,244.63720100035852
24.582744081959778,11.129079258764987,33.769510427818325,34.0,1993.8099236352102,2098.0308904136546,2308.8339383591483,2397.810395410205,2360,8.091617572364859,354.42577007353987,8.25379369951349,235.72486161082517
26.30057160683922,10.241167819377017,33.92229975401313,34.0,1993.784646276148,2098.022339480576,2308.8692001417876,2397.8016599645425,2370,8.063789941331407,381.3120945550669,8.267913771085265,226.76041756266457
27.684356648134347,9.346127509567502,34.10694567027481,34.0,1993.7593766167217,2098.0137868753236,2308.904444329934,2397.792928917508,2380,8.040707535120312,404.911711167788,8.282207119127373,218.0205725641362
28.693194807406186,8.470415533495188,34.317990080365995,34.0,1993.7341146528747,2098.0052325988345,2308.939670932388,2397.7842022668938,2390,8.022993597836379,423.75359698952894,8.2962516223369,209.74934529294902
29.29726505267731,7.639917746762602,34.54919455829997,34.0,1993.708860380555,2097.996676652045,2308.974879957932,2397.7754800105076,2400,8.011126853102024,436.56778362262713,8.30962711934586,202.15370337875382
29.478711195203097,6.879183488438538,34.79372474856455,34.0,1993.6836137957118,2097.9881190358888,2309.0100714153573,2397.7667621461524,2410,8.005429839777973,442.4424765719479,8.321928222695366,195.40270764696854
29.23216972614808,6.210699899018028,35.04435239151173,34.0,1993.6583748942942,2097.9795597513053,2309.045245313445,2397.7580486716342,2420,8.006060873289716,440.94464997616495,8.332777369678569,189.62937108180355
28.56492835927096,5.654227212239974,35.29366898694166,34.0,1993.633143672257,2097.9709987992283,2309.0804016609686,2397.7493395847528,2430,8.013010069736696,432.17921749274353,8.341837630874041,184.93430763273824
27.49671061136169,5.226214641409059,35.53430478809136,34.0,1993.6079201255557,2097.9624361805904,2309.1155404667024,2397.740634883318,2440,8.026099635683005,416.7741950733437,8.348824705581492,181.39025017541792
26.05909276687476,4.939314145990638,35.75914665473082,34.0,1993.5827042501455,2097.9538718963267,2309.150661739421,2397.7319345651395,2450,8.044988359472814,395.7952777244016,8.353517477947454,179.04661678267087
24.29457049768045,4.802006443434101,35.96154830948919,34.0,1993.5574960419867,2097.9453059473713,2309.185765487882,2397.723238628021,2460,8.069179937067492,370.6081729641776,8.35576651179362,177.93345763307937
22.255302709472183,4.818350320593295,36.135526801480324,34.0,1993.5322954970404,2097.936738334654,2309.220851720849,2397.7145470697815,2470,8.098034473522091,342.7165047727981,8.355499936313555,178.06428993168495
20.001569722402056,4.987862655893351,36.27593936366933,34.0,1993.5071026112723,2097.928169059112,2309.255920447077,2397.705859888224,2480,8.13078232717948,313.60482129693327,8.352726318982839,179.43750451851113
17.599991401950433,5.305532700945506,36.378635430717495,34.0,1993.481917380647,2097.9195981216735,2309.2909716753175,2397.6971770811647,2490,8.166539541341022,284.6106848475929,8.347534321607172,182.03619741175913
15.121557890292854,5.761970197135411,36.44057932879712,34.0,1993.4567398011316,2097.9110255232713,2309.3260054143166,2397.688498646411,2500,8.204324522424537,256.83975174348114,8.340089164213861,185.82644365791646
12.63953115386297,6.343682949343742,36.45994000948227,34.0,1993.4315698686967,2097.9024512648384,2309.3610216728184,2397.679824581785,2510,8.243076319092294,231.12682175211967,8.33062614659748,190.7541957495132
10.227279372824654,7.033475652808608,36.43614517520841,34.0,1993.4064075793149,2097.893875347303,2309.3960204595573,2397.6711548851,2520,8.281675621718762,208.03709120209518,8.319441667043415,196.74115997348014
7.95610819434625,7.810958182604847,36.36989819619671,34.0,1993.3812529289617,2097.8852977715924,2309.4310017832677,2397.6624895541704,2530,8.318970113802298,187.89680546235925,8.306882307921544,203.68018104477906
5.893152953223132,8.653148321317362,36.26315731897412,34.0,1993.3561059136146,2097.876718538643,2309.4659656526815,2397.653828586817,2540,8.353805752977575,170.84115038705934,8.293332616716912,211.43083784882208
4.099394166503227,9.535151108066993,36.1190777810966,34.0,1993.3309665292504,2097.8681376493823,2309.500912076521,2397.645171980857,2550,8.385064762679749,156.86854543653112,8.279202201096616,219.81609805746604
2.627854961145016,10.430894728631186,35.9419185429787,34.0,1993.3058347718495,2097.859555104734,2309.53584106351,2397.6365197341092,2560,8.411709636148222,145.89321716595293,8.264912691989275,228.62096218833653
1.5220337214914335,11.31390119299306,35.73691639385362,34.0,1993.280710637397,2097.8509709056275,2309.5707526223628,2397.6278718443978,2570,8.432830611787343,137.7909529884461,8.250885030943243,237.59400688718588
0.8146182871491245,12.158069018748844,35.51013115343919,34.0,1993.2555941218764,2097.8423850529916,2309.605646761792,2397.619228309541,2580,8.447692384714044,132.43555656613296,8.237527430012307,246.4525742234314
0.5265197074843758,12.93844478521898,35.268266545002454,34.0,1993.2304852212767,2097.8337975477525,2309.6405234905033,2397.6105891273633,2590,8.455774822301192,129.72540763088728,8.225224253193907,254.89202586689896
0.6662541150463003,13.631960750971547,35.01847203485887,34.0,1993.2053839315845,2097.825208390835,2309.675382817204,2397.601954295691,2600,8.456802544654535,129.60059711021,8.214325990025587,262.5989954088298
1.229690990469055,14.218116732467397,34.76813149528954,34.0,1993.180290248792,2097.8166175831684,2309.710224750588,2397.5933238123457,2610,8.450759496869452,132.05145705310838,8.205140438198455,269.267976525791
2.2001752602880207,14.679586084079045,34.52464493915774,34.0,1993.1552041688951,2097.8080251256747,2309.745049299351,2397.5846976751527,2620,8.437886804255234,137.11912032596825,8.197925180374638,274.61996839644127
3.5490196165230916,15.002727870138239,34.295209777146894,34.0,1993.1301256878894,2097.7994310192844,2309.779856472185,2397.576075881943,2630,8.418664718962454,144.88825719116304,8.192881423698452,278.421382164353
5.236352507672936,15.177990088451777,34.086608063684785,34.0,1993.1050548017733,2097.790835264918,2309.8146462777736,2397.567458430544,2640,8.393781701227363,155.47159130505506,8.190149261234799,280.50111691685726
7.212296733931094,15.200192025346622,33.905006020838336,34.0,1993.079991506545,2097.7822378634996,2309.8494187247993,2397.5588453187875,2650,8.364095110524019,168.9854488524361,8.189804405909719,280.763736046254
9.41844380625074,15.068677396283698,33.75577176619371,34.0,1993.0549357982081,2097.773638815953,2309.88417382194,2397.550236544506,2660,8.330588355234156,185.5156958726792,8.191856435555902,279.19705009900974
11.789580488348465,14.787333745543547,33.643316632468554,34.0,1993.0298876727647,2097.7650381232024,2309.9189115778686,2397.5416321055236,2670,8.294328720957443,205.07421241613022,8.196248571353124,275.87309714724097
14.255616485225234,14.364477531494176,33.5709647694463,34.0,1993.0048471262235,2097.75643578617,2309.9536320012508,2397.5330319996765,2680,8.256428780059949,227.54772259393155,8.20285899256951,270.94238845590485
16.74365629960243,13.81260829355475,33.54085488272122,34.0,1992.9798141545928,2097.7478318057783,2309.9883351007543,2397.524436224801,2690,8.218012720636818,252.64337809629887,8.211503670708703,264.6221894651081
19.180154006230268,13.148039168478116,33.5538770141084,34.0,1992.9547887538831,2097.7392261829477,2310.023020885036,2397.5158447787317,2700,8.18018755191446,279.8387101371875,8.221940688723087,257.1803610494879
21.493087253479363,12.390414677554238,33.60964623220567,34.0,1992.9297709201069,2097.730618918599,2310.0576893627513,2397.507257659302,2710,8.144018248334561,308.346702748105,8.233875997742668,248.9167581996785
23.614086227638058,11.562130039193251,33.70651401082509,34.0,1992.9047606492795,2097.722010013655,2310.0923405425515,2397.4986748643523,2720,8.110505601421679,337.1085944577265,8.246970554420628,240.14430671444907
25.480454652574156,10.687669170371205,33.841616959206945,34.0,1992.8797579374188,2097.713399469034,2310.1269744330875,2397.490096391716,2730,8.080565778622214,364.8261246947716,8.260848773463493,231.1716668224319
27.037023084794807,9.792880945008381,34.010961465168954,34.0,1992.8547627805433,2097.704787285656,2310.1615910429973,2397.4815222392394,2740,8.05501112505677,390.040155000228,8.27510821618715,222.28892676891283
28.237779672091598,8.904215117789782,34.20954173706503,34.0,1992.8297751746745,2097.6961734644406,2310.196190380925,2397.4729524047566,2750,8.03453232799727,411.2538366659729,8.289330409107686,213.75716861068068
29.047230319425907,8.047940457134155,34.431487786580654,34.0,1992.8047951158364,2097.687558006305,2310.2307724554958,2397.464386886113,2760,8.019682486724168,427.0873352661194,8.303092640621536,205.802135544049
29.441447837448173,7.2493682601422575,34.670238935644214,34.0,1992.7798226000532,2097.678940912169,2310.2653372753457,2397.45582568115,2770,8.010863822128432,436.44065384843833,8.31598051078733,198.61170710573438
29.40877924089937,6.532104149944526,34.918737751404045,34.0,1992.754857623353,2097.670322182947,2310.2998848490943,2397.4472687877137,2780,8.008317725550441,438.6350538246925,8.32760091695906,192.33651183702094
28.95019020632696,5.917350300579428,35.169638661911314,34.0,1992.729900181767,2097.661701819562,2310.3344151853657,2397.438716203646,2790,8.012118692965789,433.5047477943098,8.337595049570037,187.0927986917587
28.079236528105184,5.423278704845851,35.41552508969212,34.0,1992.7049502713262,2097.653079822924,2310.3689282927776,2397.4301679267924,2800,8.022172471085403,421.4195233212888,8.345650870035206,182.9666300077915
26.82166342098115,5.064494014185961,35.64912868165393,34.0,1992.6800078880651,2097.6444561939543,2310.403424179942,2397.4216239550015,2810,8.038218489898334,403.233569032786,8.35151446600145,180.01851639950877
25.21464445910287,4.851601825291875,35.86354417157905,34.0,1992.6550730280196,2097.6358309335656,2310.4379028554654,2397.4130842861186,2820,8.059836366996656,380.1717494864723,8.354999651688303,178.2877449731097
23.305682788280706,4.790895187253219,36.05243348012222,34.0,1992.6301456872268,2097.6272040426766,2310.472364327952,2397.404548917997,2830,8.086455957395021,353.6771355426069,8.355995219026005,177.79581989211803
21.151206907875252,4.884168575247532,36.21021307968462,34.0,1992.6052258617285,2097.6185755221977,2310.5068086060023,2397.3960178484854,2840,8.11737017471219,325.24925881952106,8.354469356036292,178.54861136631195
18.814902664547297,5.128664847842588,36.33221903902186,34.0,1992.5803135475671,2097.6099453730453,2310.541235698212,2397.387491075432,2850,8.151749742754285,296.30041900854155,8.350470922808423,180.5369826650436
16.365830712443085,5.517156747526312,36.4148448880307,34.0,1992.5554087407866,2097.601313596135,2310.575645613169,2397.378968596691,2860,8.188659283046961,268.0491636140067,8.344127493853962,183.73583076837852
13.876385096201522,6.038160536623747,36.45564822422289,34.0,1992.5305114374344,2097.5926801923774,2310.610038359459,2397.3704504101174,2870,8.227074717482465,241.45918438531928,8.335640306605791,188.10163996061007
11.420153297100354,6.676275454243184,36.45342290970175,34.0,1992.505621633558,2097.584045162688,2310.6444139456667,2397.361936513565,2880,8.265902733927815,217.22181896986638,8.325276466921888,193.56881515693718
9.069741002236448,7.412638959739306,36.40823472430352,34.0,1992.4807393252092,2097.575408507976,2310.67877238037,2397.3534269048896,2890,8.30400374567335,195.77343135151844,8.313358924709922,200.0452363402101
6.89462589681899,8.225484305256204,36.32141942112499,34.0,1992.4558645084428,2097.5667702291557,2310.713113672143,2397.344921581946,2900,8.340220038552378,177.3358647608897,8.30025482788068,207.40765222614192
4.959103918988921,9.090783955986508,36.19554324197022,34.0,1992.4309971793132,2097.558130327136,2310.747437829549,2397.3364205425937,2910,8.37341038225144,161.96831119065612,8.286362886157136,215.49769359822557
3.320388685903019,9.982959838660541,36.03432705987141,34.0,1992.4061373338752,2097.5494888028293,2310.781744861164,2397.3279237846923,2920,8.402491218968173,149.62110578773175,8.272100336613464,224.11940550624615
2.0269202696251316,10.875639424769489,35.84253639074807,34.0,1992.3812849681901,2097.540845657145,2310.81603477554,2397.3194313060976,2930,8.426482826324598,140.18491399883501,8.257890018712983,233.0392338119926
1.1169333201184806,11.742435296503155,35.625840525798075,34.0,1992.3564400783175,2097.532200890994,2310.8503075812378,2397.310943104674,2940,8.4445570126006,133.53163962400924,8.244147961065904,241.98931384825167
0.6173268573414838,12.55772515309019,35.39064494847698,34.0,1992.3316026603227,2097.523554505284,2310.8845632868115,2397.3024591782837,2950,8.4560814945578,129.5456357547231,8.231271776471438,250.67466487577215
0.5428691418903593,13.297409200084084,35.14390198993663,34.0,1992.3067727102716,2097.514906500927,2310.9188019008016,2397.2939795247835,2960,8.460655624751245,128.145257605972,8.21963007203989,258.784484081853
0.8957611277597873,13.93962253514481,34.89290531930997,34.0,1992.2819502242298,2097.506256878829,2310.9530234317576,2397.2855041420444,2970,8.458132827500398,129.2954781770693,8.209553015056423,266.00718478085105
1.6655714033760987,14.465381469339317,34.645074344529455,34.0,1992.2571351982679,2097.4976056398987,2310.9872278882203,2397.2770330279313,2980,8.448626871590385,133.0123412565215,8.201324153266595,272.0482042086937
2.829544541389911,14.859144680703471,34.407734896334425,34.0,1992.2323276284587,2097.4889527850432,2311.021415278716,2397.2685661803066,2990,8.432501525679772,139.3596621816293,8.195173565007769,276.6490236379591
4.353273743944977,15.109272612710477,34.18790267820025,34.0,1992.2075275108746,2097.4802983151694,2311.055585611782,2397.2601035970392,3000,8.410345593206367,148.43784315021594,8.191272402638411,279.6054226418729
6.191717901264493,15.20837153719964,33.99207588351229,34.0,1992.1827348415934,2097.4716422311835,2311.0897388959447,2397.2516452760005,3010,8.382937206762383,160.36419444925448,8.189728884424554,280.7828441376629
8.290532996936523,15.153512111125345,33.82604311047825,34.0,1992.1579496166933,2097.462984533994,2311.1238751397264,2397.2431912150573,3020,8.351202176705906,175.24399746657159,8.190585780035997,280.12694590918125
10.587678505169329,14.9463159673283,33.69471225241908,34.0,1992.1331718322526,2097.454325224503,2311.157994351642,2397.234741412077,3030,8.316171036525875,193.13195904009973,8.193819420618091,277.66795468977375
13.015251294288745,14.592907779658121,33.601965421512546,34.0,1992.108401484354,2097.445664303614,2311.19209654021,2397.226295864934,3040,8.278938405271212,213.98490976221572,8.199340246284564,273.5182381238549
15.501492831039876,14.103734218736381,33.550544194253604,34.0,1992.0836385690839,2097.437001772235,2311.226181713936,2397.217854571501,3050,8.240626789650802,237.60871472773425,8.2069948839059,267.863421454444
17.97291034687037,13.493255150513463,33.54196857112557,34.0,1992.058883082527,2097.428337631273,2311.260249881329,2397.209417529654,3060,8.202355427860661,263.6052974965754,8.216569729108258,260.94822437439524
20.356449268098267,12.779516205755115,33.576492045731236,34.0,1992.0341350207732,2097.4196718816274,2311.2943010508875,2397.200984737264,3070,8.165213611377865,291.3289539635881,8.22779599095956,253.05881996553867
22.581652692631337,11.983615355381055,33.65309411154024,34.0,1992.009394379912,2097.4110045242046,2311.3283352311096,2397.1925561922108,3080,8.130237324397404,319.8637911127484,8.240356146733744,244.50381859908904
24.582744081876886,11.129079258803847,33.76951042781233,34.0,1991.9846611560356,2097.4023355599047,2311.362352430487,2397.1841318923653,3090,8.098388028881283,348.0347940315559,8.253891745784196,235.5959291054126
26.300571606759497,10.24116781943606,33.922299754007575,34.0,1991.9599353452402,2097.393664989626,2311.396352657506,2397.1757118356095,3100,8.070532839651676,374.4623146117181,8.268012491317867,226.63599752592765
27.684356648173473,9.346127509538737,34.106945670281206,34.0,1991.9352169436218,2097.3849928142727,2311.4303359206533,2397.1672960198225,3110,8.047425927102935,397.66297838164036,8.282306509632939,217.90057458505342
28.6931948073585,8.47041553354537,34.31799008035301,34.0,1991.9105059472818,2097.376319034747,2311.464302228408,2397.1588844428807,3120,8.029691509656043,416.1898181845109,8.296351680580534,209.6335419557166
29.297265052667377,7.639917746783337,34.54919455829375,34.0,1991.8858023523185,2097.3676436519513,2311.498251589248,2397.150477102671,3130,8.017809109190484,428.7932446937691,8.309727844331483,202.04174906112146
29.47871119520306,6.879183488445258,34.79372474856224,34.0,1991.8611061548352,2097.3589666667835,2311.5321840116426,2397.1420739970727,3140,8.012101815113029,434.57580733387385,8.322029615180917,195.2941582265153
29.232169726180942,6.210699899061624,35.0443523914939,34.0,1991.8364173509376,2097.350288080146,2311.566099504057,2397.133675123968,3150,8.012728195798324,433.11103382799683,8.332879432225058,189.52370299463266
28.56492835922432,5.654227212213781,35.29366898695474,34.0,1991.8117359367336,2097.3416078929395,2311.599998074956,2397.1252804812434,3160,8.019678303311244,424.5017723464185,8.341940367726977,184.83093522960039
27.49671061143429,5.22621464142128,35.534304788071246,34.0,1991.7870619083321,2097.3329261060567,2311.6338797327962,2397.116890066781,3170,8.032773977886668,409.3656080241305,8.348928122396572,181.28854082398072
26.059092766741806,4.939314145973006,35.75914665474856,34.0,1991.7623952618449,2097.324242720399,2311.667744486038,2397.108503878471,3180,8.051673385583486,388.75072728837137,8.353621581414261,178.94590361260006
24.294570497714087,4.802006443435131,35.96154830948588,34.0,1991.7377359933848,2097.315557736864,2311.7015923431286,2397.1001219141986,3190,8.075879413870672,364.0003316236506,8.355871309169611,177.8330502337092
22.255302709587106,4.818350320588317,36.1355268014719,34.0,1991.7130840990678,2097.306871156351,2311.7354233125134,2397.091744171851,3200,8.104751254190038,336.59303930287695,8.355605434921484,177.96348358860058
20.001569722459465,4.987862655887372,36.27593936366632,34.0,1991.6884395750108,2097.2981829797523,2311.7692374026324,2397.083370649322,3210,8.137518325162253,307.98838839868574,8.35283252569014,179.335588792591
17.59999140178187,5.305532700972261,36.378635430723165,34.0,1991.663802417334,2097.2894932079694,2311.80303462192,2397.075001344498,3220,8.173295770056333,279.50104897573846,8.347641242322696,181.93246495976365
15.121557890238838,5.761970197146681,36.440579328798,34.0,1991.6391726221586,2097.280801841897,2311.836814978818,2397.0666362552734,3230,8.211101180965375,252.21740354940596,8.34019680343275,185.72020020455804
12.639531153972207,6.343682949315354,36.45994000948238,34.0,1991.614550185608,2097.2721088824246,2311.8705784817494,2397.0582753795393,3240,8.2498729032959,226.95738081384192,8.330734507021978,190.6447720325386
10.227279372933173,7.033475652774631,36.436145175210505,34.0,1991.5899351038097,2097.263414330451,2311.9043251391413,2397.0499187151913,3250,8.2884910434733,204.27582379926193,8.319550749320896,196.62792628131604
7.956108194310013,7.8109581826184264,36.36989819619526,34.0,1991.5653273728908,2097.2547181868745,2311.938054959415,2397.041566260123,3260,8.325802817024249,184.4927334292481,8.30699211053702,203.56256466001327
5.893152953077107,8.653148321382623,36.26315731896463,34.0,1991.5407269889824,2097.2460204525855,2311.9717679509836,2397.0332180122296,3270,8.36065381939421,167.7404158031557,8.293443136070406,211.30834329453404
4.09939416653814,9.535151108047927,36.11907778110004,34.0,1991.5161339482147,2097.2373211284785,2312.005464122263,2397.024873969412,3280,8.391926002953834,154.01687996766344,8.279313431782242,219.6883295338424
2.6278549612141417,10.430894728583473,35.94191854298894,34.0,1991.4915482467225,2097.228620215446,2312.039143481663,2397.016534129565,3290,8.418581662354105,143.2375132085432,8.265024627264259,228.48764702923617
1.5220337215107005,11.313901192974773,35.73691639385818,34.0,1991.4669698806429,2097.219917714381,2312.072806037581,2397.008198490586,3300,8.439710887414662,135.28003403785658,8.25099766336925,237.45501830228667
0.814618287111251,12.158069018810718,35.51013115342135,34.0,1991.4423988461124,2097.211213626176,2312.10645179842,2396.999867050374,3310,8.454578250197827,130.02029855832154,8.237640752196363,246.30795115426227
0.5265197074830549,12.938444785231109,35.26826654499843,34.0,1991.4178351392723,2097.2025079517216,2312.140080772579,2396.9915398068333,3320,8.462663498032564,127.3583822112946,8.225338258549705,254.74198751890933
0.6662541150389795,13.631960750958187,35.01847203486409,34.0,1991.3932787562653,2097.193800691909,2312.1736929684453,2396.9832167578656,3330,8.463691118789521,127.23540555077348,8.214440673447275,262.443948063855
1.2296909904727584,14.218116732469882,34.76813149528836,34.0,1991.3687296932362,2097.1850918476293,2312.2072883944047,2396.974897901375,3340,8.457644909966989,129.64191279666875,8.20525579656769,269.1085106016399
2.2001752603296367,14.679586084093138,34.52464493914927,34.0,1991.34418794633,2097.176381419773,2312.2408670588434,2396.966583235268,3350,8.444765844900683,134.6184286012303,8.1980412128173,274.45684447216854
3.5490196165113397,15.002727870136335,34.295209777148585,34.0,1991.319653511696,2097.1676694092307,2312.2744289701395,2396.9582727574443,3360,8.425534042919496,142.2483373233315,8.192998131550054,278.25550571709294
5.236352507630318,15.177990088449482,34.08660806368931,34.0,1991.2951263854845,2097.15895581689,2312.307974136667,2396.949966465813,3370,8.400637881825462,152.64269201080705,8.19026664771718,280.3335027189992
7.212296733908464,15.2001920253472,33.905006020840126,34.0,1991.2706065638479,2097.150240643639,2312.341502566792,2396.941664358284,3380,8.37093472171477,165.91621495620083,8.189922475568347,280.5954643678098
9.41844380631858,15.068677396277572,33.755771766189845,34.0,1991.246094042942,2097.141523890365,2312.375014268886,2396.9333664327605,3390,8.33740808324885,182.15384794816134,8.191975193539863,279.0292178630563
11.789580488371206,14.787333745540252,33.64331663246767,34.0,1991.2215888189219,2097.1328055579634,2312.4085092513096,2396.9250726871533,3400,8.30112549741683,201.36798638746998,8.19636802264601,275.70676781379956
14.255616485177052,14.364477531503661,33.570964769447286,34.0,1991.1970908879468,2097.1240856473146,2312.441987522422,2396.9167831193745,3410,8.263199928797443,223.44816996369116,8.202979141287011,270.7785445568163
16.7436562995525,13.812608293567076,33.54085488272139,34.0,1991.1726002461776,2097.115364159306,2312.475449090572,2396.9084977273374,3420,8.224756111110677,248.10753662903008,8.211624519561827,264.4616913574193
19.18015400624695,13.148039168473101,33.55387701410864,34.0,1991.1481168897765,2097.106641094827,2312.5088939641128,2396.9002165089537,3430,8.186901751897498,274.83351477170226,8.222062238716314,257.0239146565254
21.49308725355185,12.390414677528318,33.609646232208156,34.0,1991.1236408149095,2097.097916454763,2312.5423221513897,2396.891939462136,3440,8.150702666425374,302.85332712843723,8.233998248136434,248.7648934112958
23.614086227619612,11.56213003920115,33.70651401082403,34.0,1991.0991720177442,2097.0891902399976,2312.575733660743,2396.8836665848,3450,8.117160606138151,331.1267244308768,8.24709350294379,239.9973669071175
25.48045465259811,10.687669170363126,33.84161695920995,34.0,1991.0747104944487,2097.0804624514126,2312.6091285005077,2396.875397874859,3460,8.087192777217409,358.3775146789816,8.260972416727352,231.02980882059208
27.037023084726062,9.792880945052913,34.010961465159454,34.0,1991.0502562411943,2097.071733089897,2312.6425066790175,2396.8671333302323,3470,8.061612584135952,383.1707624944644,8.275232550213863,222.15212967070792
28.237779672162805,8.904215117727905,34.209541737079945,34.0,1991.0258092541533,2097.063002156334,2312.675868204603,2396.8588729488365,3480,8.04111172110474,404.0339146951835,8.28945542990034,213.62524930442163
29.047230319392064,8.047940457180717,34.431487786567686,34.0,1991.001369529501,2097.0542696516077,2312.7092130855854,2396.8506167285927,3490,8.026244161818568,419.60910042499694,8.30321834466911,205.67476854067885
29.44144783746774,7.249368260060227,34.67023893567058,34.0,1990.9769370634158,2097.0455355766,2312.7425413302876,2396.8423646674178,3500,8.017412792729466,428.813508662644,8.316106895477526,198.48844637086827
29.408779240913198,6.532104149982087,34.91873775138996,34.0,1990.9525118520748,2097.0367999321948,2312.775852947023,2396.8341167632343,3510,8.014859401388444,430.9787545116179,8.327727980807895,192.21681270244673
28.950190206278624,5.9173503005390256,35.16963866192941,34.0,1990.92809389166,2097.028062719277,2312.8091479441073,2396.8258730139632,3520,8.018658576099496,425.94127980212335,8.33772279231314,186.97603835992228
28.079236528158873,5.423278704867411,35.41552508968,34.0,1990.9036831783542,2097.0193239387227,2312.842426329847,2396.817633417527,3530,8.028715849709481,414.06468876636774,8.345779292531128,182.85212578656925
26.82166342094907,5.06449401417957,35.64912868165894,34.0,1990.8792797083436,2097.0105835914187,2312.8756881125464,2396.809397971849,3540,8.044770162631451,396.1893444344891,8.351643570021581,179.9055412894263
25.214644459082276,4.851601825290256,35.86354417158142,34.0,1990.854883477814,2097.001841678239,2312.9089333005013,2396.801166674862,3550,8.066400425101108,373.5203260401342,8.35512943958921,178.1755407537524
23.30568278831334,4.790895187252948,36.05243348011944,34.0,1990.8304944829556,2096.9930982000697,2312.9421619020086,2396.7929395244846,3560,8.093035642200153,347.4772432851313,8.356125693362626,177.6836082060278
21.151206907917526,4.8841685752443595,36.21021307968199,34.0,1990.8061127199592,2096.9843531577894,2312.9753739253633,2396.7847165186477,3570,8.12396781465083,319.5349757558845,8.354600519139273,178.43560359274932
18.814902664539577,5.128664847843621,36.33221903902219,34.0,1990.7817381850195,2096.9756065522756,2313.008569378847,2396.776497655278,3580,8.15836676209126,291.0822695841016,8.350602776361345,180.42238953666038
16.36583071236049,5.517156747541512,36.41484488803277,34.0,1990.7573708743312,2096.9668583844073,2313.0417482707467,2396.7682829323026,3590,8.195296265498104,263.3170026172451,8.344260038503442,183.61887274582617
13.876385096216662,6.038160536620186,36.45564822422277,34.0,1990.733010784093,2096.9581086550647,2313.074910609337,2396.7600723476558,3600,8.233731504318683,237.18619450957203,8.335773541639067,187.98155933222492
11.420153297150069,6.6762754542289615,36.45342290970224,34.0,1990.7086579104994,2096.9493573651257,2313.1080564028944,2396.751865899266,3610,8.272578537760127,213.36893149891688,8.325410390045402,193.44489067067678
9.069741002259796,7.412638959731326,36.408234724304194,34.0,1990.6843122497576,2096.940604515467,2313.141185659688,2396.7436635850668,3620,8.310697265919435,192.293580249313,8.31349353197026,199.91680088995142
6.89462589676754,8.2254843052772,36.32141942112233,34.0,1990.6599737980682,2096.931850106968,2313.17429838799,2396.7354654029928,3630,8.34692956990627,174.17765414229353,8.300390113757867,207.27411371444026
4.9591039189721045,9.090783955994729,36.19554324196888,34.0,1990.6356425516378,2096.923094140498,2313.207394596055,2396.7272713509756,3640,8.380133910989914,159.0788628168439,8.28649884385267,215.3585585798956
