Station,Date,Depth_m,Temperature_C,Salinity,Calibrated_Temperature_C,Calibrated_Salinity
Ytre_Utsira,2010-01-01,1,4.625,28.952,4.665,28.864
Ytre_Utsira,2010-01-01,5,5.035,32.645,5.075,32.557
Ytre_Utsira,2010-01-01,10,5.659,33.06,5.699,32.972
Ytre_Utsira,2010-01-01,20,6.689,33.62,6.729,33.532
Ytre_Utsira,2010-01-01,30,7.339,34.07,7.378,33.982
Ytre_Utsira,2010-01-01,50,8.23,34.52,8.27,34.432
Ytre_Utsira,2010-01-01,75,8.458,34.74,8.498,34.652
Ytre_Utsira,2010-01-01,100,8.29,34.91,8.33,34.822
Ytre_Utsira,2010-01-01,125,8.576,35.069,8.616,34.981
Ytre_Utsira,2010-01-01,150,8.599,35.172,8.639,35.084
Ytre_Utsira,2010-01-01,200,8.194,35.181,8.234,35.093
Ytre_Utsira,2010-01-01,250,7.991,35.31,8.031,35.222
Ytre_Utsira,2010-02-01,1,4.25,32.62,4.32,32.526
Ytre_Utsira,2010-02-01,5,4.261,32.651,4.331,32.557
Ytre_Utsira,2010-02-01,10,4.282,32.705,4.352,32.611
Ytre_Utsira,2010-02-01,20,4.533,32.85,4.603,32.756
Ytre_Utsira,2010-02-01,30,5.26,33.155,5.329,33.061
Ytre_Utsira,2010-02-01,50,6.306,33.762,6.376,33.668
Ytre_Utsira,2010-02-01,75,7.588,34.208,7.658,34.114
Ytre_Utsira,2010-02-01,100,7.976,34.65,8.046,34.556
Ytre_Utsira,2010-02-01,125,8.58,35.005,8.65,34.911
Ytre_Utsira,2010-02-01,150,8.565,35.19,8.635,35.096
Ytre_Utsira,2010-02-01,200,8.187,35.275,8.257,35.181
Ytre_Utsira,2010-02-01,250,7.587,35.296,7.657,35.202
Ytre_Utsira,2010-03-01,1,4.078,28.902,4.093,28.789
Ytre_Utsira,2010-03-01,5,4.08,32.087,4.095,31.974
Ytre_Utsira,2010-03-01,10,4.368,32.39,4.384,32.277
Ytre_Utsira,2010-03-01,20,4.82,32.81,4.836,32.697
Ytre_Utsira,2010-03-01,30,5.983,34.017,5.998,33.905
Ytre_Utsira,2010-03-01,50,6.426,34.355,6.441,34.242
Ytre_Utsira,2010-03-01,75,7.731,34.804,7.746,34.691
Ytre_Utsira,2010-03-01,100,7.697,35.019,7.712,34.906
Ytre_Utsira,2010-03-01,125,7.589,35.085,7.604,34.972
Ytre_Utsira,2010-03-01,150,7.824,35.214,7.839,35.101
Ytre_Utsira,2010-03-01,200,7.194,35.25,7.209,35.137
Ytre_Utsira,2010-03-01,250,6.818,35.25,6.833,35.137
Ytre_Utsira,2010-04-01,1,5.899,32.53,5.929,32.437
Ytre_Utsira,2010-04-01,5,5.831,32.562,5.861,32.469
Ytre_Utsira,2010-04-01,10,5.763,32.722,5.793,32.629
Ytre_Utsira,2010-04-01,20,5.791,33.045,5.821,32.952
Ytre_Utsira,2010-04-01,30,5.877,33.228,5.907,33.135
Ytre_Utsira,2010-04-01,50,6.134,33.83,6.164,33.737
Ytre_Utsira,2010-04-01,75,7.153,34.695,7.183,34.602
Ytre_Utsira,2010-04-01,100,7.332,34.95,7.362,34.857
Ytre_Utsira,2010-04-01,125,7.656,35.139,7.686,35.046
Ytre_Utsira,2010-04-01,150,7.541,35.22,7.571,35.127
Ytre_Utsira,2010-04-01,200,7.011,35.27,7.041,35.177
Ytre_Utsira,2010-04-01,250,6.321,35.265,6.341,35.212
Ytre_Utsira,2010-05-01,1,8.834,32.41,8.847,32.242
Ytre_Utsira,2010-05-01,5,8.642,32.547,8.655,32.379
Ytre_Utsira,2010-05-01,10,8.482,32.687,8.495,32.519
Ytre_Utsira,2010-05-01,20,7.563,32.987,7.576,32.819
Ytre_Utsira,2010-05-01,30,7.173,33.763,7.186,33.596
Ytre_Utsira,2010-05-01,50,6.897,34.52,6.911,34.352
Ytre_Utsira,2010-05-01,75,6.996,34.853,7.01,34.686
Ytre_Utsira,2010-05-01,100,7.352,35.103,7.366,34.936
Ytre_Utsira,2010-05-01,125,7.267,35.178,7.28,35.01
Ytre_Utsira,2010-05-01,150,7.194,35.23,7.207,35.063
Ytre_Utsira,2010-05-01,200,6.849,35.273,6.862,35.106
Ytre_Utsira,2010-05-01,250,6.454,35.32,6.464,35.151
Ytre_Utsira,2010-06-01,1,8.826,34.12,8.816,33.953
Ytre_Utsira,2010-06-01,5,8.651,34.124,8.641,33.957
Ytre_Utsira,2010-06-01,10,8.416,34.15,8.406,33.983
Ytre_Utsira,2010-06-01,20,8.108,34.25,8.098,34.083
Ytre_Utsira,2010-06-01,30,6.97,34.47,6.96,34.303
Ytre_Utsira,2010-06-01,50,6.956,34.75,6.946,34.583
Ytre_Utsira,2010-06-01,75,7.137,35.03,7.127,34.863
Ytre_Utsira,2010-06-01,100,7.137,35.145,7.127,34.978
Ytre_Utsira,2010-06-01,125,7.193,35.22,7.183,35.053
Ytre_Utsira,2010-06-01,150,7.08,35.25,7.07,35.083
Ytre_Utsira,2010-06-01,200,6.751,35.28,6.741,35.113
Ytre_Utsira,2010-06-01,250,6.468,35.317,6.458,35.15
Ytre_Utsira,2010-07-01,1,14.261,32.395,14.261,32.234
Ytre_Utsira,2010-07-01,5,12.897,33.277,12.897,33.116
Ytre_Utsira,2010-07-01,10,12.493,33.545,12.493,33.384
Ytre_Utsira,2010-07-01,20,8.161,34.05,8.161,33.889
Ytre_Utsira,2010-07-01,30,7.503,34.36,7.503,34.199
Ytre_Utsira,2010-07-01,50,6.739,34.68,6.739,34.519
Ytre_Utsira,2010-07-01,75,6.906,35.0,6.906,34.839
Ytre_Utsira,2010-07-01,100,7.053,35.19,7.053,35.029
Ytre_Utsira,2010-07-01,125,7.048,35.22,7.048,35.059
Ytre_Utsira,2010-07-01,150,6.932,35.25,6.932,35.089
Ytre_Utsira,2010-07-01,200,6.716,35.269,6.716,35.108
Ytre_Utsira,2010-08-01,1,17.555,21.17,17.555,21.063
Ytre_Utsira,2010-08-01,5,17.321,31.788,17.321,31.681
Ytre_Utsira,2010-08-01,10,17.276,31.855,17.276,31.748
Ytre_Utsira,2010-08-01,20,14.788,33.5,14.788,33.393
Ytre_Utsira,2010-08-01,30,12.484,33.78,12.484,33.673
Ytre_Utsira,2010-08-01,50,9.366,34.3,9.366,34.193
Ytre_Utsira,2010-08-01,75,8.186,34.64,8.186,34.533
Ytre_Utsira,2010-08-01,100,7.443,34.9,7.443,34.793
Ytre_Utsira,2010-08-01,125,7.116,35.0,7.116,34.893
Ytre_Utsira,2010-08-01,150,6.808,35.07,6.808,34.963
Ytre_Utsira,2010-08-01,200,6.627,35.18,6.627,35.073
Ytre_Utsira,2010-09-01,1,14.935,30.708,14.93,30.566
Ytre_Utsira,2010-09-01,5,14.936,30.802,14.931,30.661
Ytre_Utsira,2010-09-01,10,14.834,31.415,14.829,31.274
Ytre_Utsira,2010-09-01,20,14.163,32.765,14.158,32.624
Ytre_Utsira,2010-09-01,30,11.327,34.17,11.322,34.029
Ytre_Utsira,2010-09-01,50,8.678,34.692,8.673,34.551
Ytre_Utsira,2010-09-01,75,8.593,35.004,8.588,34.863
Ytre_Utsira,2010-09-01,100,7.987,35.14,7.982,34.999
Ytre_Utsira,2010-09-01,125,7.453,35.15,7.448,35.009
Ytre_Utsira,2010-09-01,150,7.697,35.293,7.692,35.152
Ytre_Utsira,2010-09-01,200,6.552,35.236,6.547,35.095
Ytre_Utsira,2010-09-01,250,6.335,35.27,6.33,35.129
Ytre_Utsira,2010-10-01,1,11.797,31.044,11.817,30.893
Ytre_Utsira,2010-10-01,5,11.891,31.566,11.911,31.415
Ytre_Utsira,2010-10-01,10,11.967,31.795,11.987,31.644
Ytre_Utsira,2010-10-01,20,12.579,32.355,12.599,32.204
Ytre_Utsira,2010-10-01,30,12.529,33.565,12.549,33.414
Ytre_Utsira,2010-10-01,50,12.169,34.165,12.189,34.014
Ytre_Utsira,2010-10-01,75,9.058,34.79,9.078,34.639
Ytre_Utsira,2010-10-01,100,8.035,35.026,8.055,34.875
Ytre_Utsira,2010-10-01,125,7.403,35.181,7.423,35.03
Ytre_Utsira,2010-10-01,150,7.024,35.235,7.044,35.084
Ytre_Utsira,2010-10-01,200,6.594,35.273,6.614,35.122
Ytre_Utsira,2010-10-01,250,6.419,35.285,6.439,35.134
Ytre_Utsira,2010-11-01,1,9.575,31.705,9.595,31.576
Ytre_Utsira,2010-11-01,5,9.6,31.723,9.62,31.594
Ytre_Utsira,2010-11-01,10,9.672,31.805,9.692,31.675
Ytre_Utsira,2010-11-01,20,10.084,32.31,10.104,32.181
Ytre_Utsira,2010-11-01,30,10.302,32.575,10.322,32.445
Ytre_Utsira,2010-11-01,50,10.697,33.565,10.717,33.435
Ytre_Utsira,2010-11-01,75,9.09,34.195,9.11,34.066
Ytre_Utsira,2010-11-01,100,8.911,34.631,8.931,34.501
Ytre_Utsira,2010-11-01,125,8.68,34.98,8.7,34.851
Ytre_Utsira,2010-11-01,150,7.792,35.158,7.812,35.029
Ytre_Utsira,2010-11-01,200,7.215,35.29,7.235,35.161
Ytre_Utsira,2010-11-01,250,6.628,35.29,6.648,35.158
Ytre_Utsira,2010-12-01,1,7.215,29.847,7.24,29.722
Ytre_Utsira,2010-12-01,5,7.251,33.153,7.276,33.028
Ytre_Utsira,2010-12-01,10,7.258,33.2,7.283,33.075
Ytre_Utsira,2010-12-01,20,7.341,33.262,7.366,33.137
Ytre_Utsira,2010-12-01,30,7.458,33.315,7.483,33.19
Ytre_Utsira,2010-12-01,50,7.888,33.82,7.913,33.695
Ytre_Utsira,2010-12-01,75,8.299,34.103,8.324,33.977
Ytre_Utsira,2010-12-01,100,8.451,34.51,8.476,34.385
Ytre_Utsira,2010-12-01,125,8.462,34.985,8.487,34.86
Ytre_Utsira,2010-12-01,150,7.901,35.142,7.926,35.017
Ytre_Utsira,2010-12-01,200,7.115,35.25,7.14,35.125
Ytre_Utsira,2010-12-01,250,6.659,35.27,6.684,35.145
Ytre_Utsira,2011-01-01,1,3.457,19.136,3.467,19.149
Ytre_Utsira,2011-01-01,5,3.457,31.905,3.466,31.918
Ytre_Utsira,2011-01-01,10,3.49,32.015,3.5,32.028
Ytre_Utsira,2011-01-01,20,3.86,32.37,3.87,32.383
Ytre_Utsira,2011-01-01,30,4.556,33.0,4.566,33.013
Ytre_Utsira,2011-01-01,50,5.634,33.7,5.643,33.713
Ytre_Utsira,2011-01-01,75,6.521,34.415,6.53,34.428
Ytre_Utsira,2011-01-01,100,7.65,34.98,7.66,34.993
Ytre_Utsira,2011-01-01,125,8.361,35.3,8.371,35.313
Ytre_Utsira,2011-01-01,150,7.808,35.28,7.818,35.293
Ytre_Utsira,2011-01-01,200,7.25,35.29,7.26,35.303
Ytre_Utsira,2011-01-01,250,6.48,35.28,6.49,35.293
Ytre_Utsira,2011-03-01,1,2.3,30.19,2.33,30.035
Ytre_Utsira,2011-03-01,5,2.217,30.396,2.247,30.241
Ytre_Utsira,2011-03-01,10,2.351,30.925,2.381,30.77
Ytre_Utsira,2011-03-01,20,3.094,32.135,3.124,31.98
Ytre_Utsira,2011-03-01,30,2.884,32.29,2.914,32.135
Ytre_Utsira,2011-03-01,50,3.454,32.95,3.484,32.795
Ytre_Utsira,2011-03-01,75,4.211,33.724,4.241,33.569
Ytre_Utsira,2011-03-01,100,5.109,34.218,5.139,34.063
Ytre_Utsira,2011-03-01,125,5.751,34.687,5.781,34.532
Ytre_Utsira,2011-03-01,150,6.558,35.03,6.588,34.875
Ytre_Utsira,2011-03-01,200,6.962,35.22,6.992,35.065
Ytre_Utsira,2011-03-01,250,6.67,35.32,6.7,35.165
Ytre_Utsira,2011-04-01,1,6.23,31.482,6.245,31.346
Ytre_Utsira,2011-04-01,5,6.175,31.512,6.19,31.376
Ytre_Utsira,2011-04-01,10,5.832,31.73,5.848,31.594
Ytre_Utsira,2011-04-01,20,4.681,32.57,4.696,32.434
Ytre_Utsira,2011-04-01,30,4.304,33.41,4.32,33.274
Ytre_Utsira,2011-04-01,50,5.061,34.24,5.076,34.104
Ytre_Utsira,2011-04-01,75,5.405,34.624,5.421,34.488
Ytre_Utsira,2011-04-01,100,5.774,34.826,5.789,34.69
Ytre_Utsira,2011-04-01,125,6.024,34.969,6.039,34.833
Ytre_Utsira,2011-04-01,150,6.111,35.036,6.126,34.9
Ytre_Utsira,2011-04-01,200,6.252,35.16,6.267,35.024
Ytre_Utsira,2011-04-01,250,6.245,35.275,6.26,35.139
Ytre_Utsira,2011-06-01,1,12.167,30.756,12.277,30.329
Ytre_Utsira,2011-06-01,5,11.8,30.987,11.911,30.561
Ytre_Utsira,2011-06-01,10,11.651,31.17,11.761,30.743
Ytre_Utsira,2011-06-01,20,9.893,33.03,10.003,32.603
Ytre_Utsira,2011-06-01,30,8.196,33.73,8.306,33.303
Ytre_Utsira,2011-06-01,50,6.842,34.47,6.952,34.043
Ytre_Utsira,2011-06-01,75,5.607,34.92,5.717,34.493
Ytre_Utsira,2011-06-01,100,6.104,35.26,6.214,34.833
Ytre_Utsira,2011-06-01,125,6.145,35.35,6.255,34.923
Ytre_Utsira,2011-06-01,150,6.333,35.455,6.444,35.028
Ytre_Utsira,2011-06-01,200,6.203,35.55,6.313,35.123
Ytre_Utsira,2011-06-01,250,6.127,35.6,6.237,35.173
Ytre_Utsira,2011-08-01,1,16.662,29.175,16.762,28.853
Ytre_Utsira,2011-08-01,5,16.495,29.322,16.595,29.0
Ytre_Utsira,2011-08-01,10,16.413,29.815,16.513,29.493
Ytre_Utsira,2011-08-01,20,15.641,32.407,15.74,32.085
Ytre_Utsira,2011-08-01,30,13.46,33.735,13.56,33.413
Ytre_Utsira,2011-08-01,50,9.341,35.045,9.441,34.723
Ytre_Utsira,2011-08-01,75,8.597,35.307,8.697,34.985
Ytre_Utsira,2011-08-01,100,7.854,35.386,7.954,35.064
Ytre_Utsira,2011-08-01,125,7.391,35.396,7.491,35.074
Ytre_Utsira,2011-08-01,150,6.699,35.38,6.799,35.058
Ytre_Utsira,2011-08-01,200,6.186,35.377,6.286,35.055
Ytre_Utsira,2011-09-01,1,14.126,31.283,14.419,31.371
Ytre_Utsira,2011-09-01,5,13.949,31.627,14.242,31.715
Ytre_Utsira,2011-09-01,10,13.917,31.708,14.211,31.796
Ytre_Utsira,2011-09-01,20,12.746,33.28,13.039,33.368
Ytre_Utsira,2011-09-01,30,12.603,33.748,12.897,33.836
Ytre_Utsira,2011-09-01,50,12.072,34.108,12.365,34.196
Ytre_Utsira,2011-09-01,75,11.128,34.414,11.421,34.502
Ytre_Utsira,2011-09-01,100,10.312,34.58,10.605,34.668
Ytre_Utsira,2011-09-01,125,9.253,34.717,9.547,34.805
Ytre_Utsira,2011-09-01,150,8.408,34.813,8.702,34.901
Ytre_Utsira,2011-09-01,200,6.412,34.926,6.705,35.014
Ytre_Utsira,2012-01-01,1,7.837,33.664,7.837,33.704
Ytre_Utsira,2012-01-01,5,7.848,33.665,7.848,33.705
Ytre_Utsira,2012-01-01,10,8.062,33.81,8.062,33.85
Ytre_Utsira,2012-01-01,20,8.118,33.86,8.118,33.9
Ytre_Utsira,2012-01-01,30,8.237,33.96,8.237,34.0
Ytre_Utsira,2012-01-01,50,8.296,34.08,8.296,34.12
Ytre_Utsira,2012-01-01,75,8.569,34.36,8.569,34.4
Ytre_Utsira,2012-01-01,100,9.133,34.78,9.133,34.82
Ytre_Utsira,2012-01-01,125,9.13,34.91,9.13,34.95
Ytre_Utsira,2012-01-01,150,9.075,35.01,9.075,35.05
Ytre_Utsira,2012-01-01,200,8.299,35.11,8.299,35.15
Ytre_Utsira,2012-01-01,250,7.884,35.17,7.884,35.21
Ytre_Utsira,2014-03-01,1,5.663,33.175,5.663,33.248
Ytre_Utsira,2014-03-01,5,5.767,33.32,5.767,33.392
Ytre_Utsira,2014-03-01,10,5.873,33.512,5.873,33.584
Ytre_Utsira,2014-03-01,20,5.949,33.69,5.949,33.762
Ytre_Utsira,2014-03-01,30,5.988,33.784,5.988,33.856
Ytre_Utsira,2014-03-01,50,6.173,34.075,6.173,34.147
Ytre_Utsira,2014-03-01,75,6.322,34.265,6.322,34.337
Ytre_Utsira,2014-03-01,100,6.494,34.399,6.494,34.472
Ytre_Utsira,2014-03-01,125,6.78,34.579,6.78,34.652
Ytre_Utsira,2014-03-01,150,7.053,34.782,7.053,34.855
Ytre_Utsira,2014-03-01,200,7.21,34.987,7.21,35.06
Ytre_Utsira,2014-03-01,250,7.178,35.11,7.178,35.11
Ytre_Utsira,2014-04-01,1,6.174,31.473,6.174,31.529
Ytre_Utsira,2014-04-01,5,6.109,31.553,6.109,31.608
Ytre_Utsira,2014-04-01,10,6.099,31.77,6.099,31.825
Ytre_Utsira,2014-04-01,20,6.002,32.331,6.002,32.387
Ytre_Utsira,2014-04-01,30,6.047,33.019,6.047,33.074
Ytre_Utsira,2014-04-01,50,6.092,33.804,6.092,33.86
Ytre_Utsira,2014-04-01,75,6.398,34.191,6.398,34.246
Ytre_Utsira,2014-04-01,100,6.662,34.404,6.662,34.459
Ytre_Utsira,2014-04-01,125,6.786,34.521,6.786,34.576
Ytre_Utsira,2014-04-01,150,6.878,34.596,6.878,34.651
Ytre_Utsira,2014-04-01,200,7.035,34.836,7.035,34.891
Ytre_Utsira,2014-04-01,250,7.031,35.03,7.031,35.101
Ytre_Utsira,2014-05-01,1,9.611,30.603,9.611,30.62
Ytre_Utsira,2014-05-01,5,9.374,30.849,9.374,30.866
Ytre_Utsira,2014-05-01,10,9.238,30.936,9.238,30.953
Ytre_Utsira,2014-05-01,20,8.199,31.554,8.199,31.571
Ytre_Utsira,2014-05-01,30,7.233,32.355,7.233,32.372
Ytre_Utsira,2014-05-01,50,6.65,33.637,6.65,33.653
Ytre_Utsira,2014-05-01,75,6.677,34.314,6.677,34.331
Ytre_Utsira,2014-05-01,100,6.767,34.56,6.767,34.576
Ytre_Utsira,2014-05-01,125,6.83,34.667,6.83,34.684
Ytre_Utsira,2014-05-01,150,6.941,34.782,6.941,34.799
Ytre_Utsira,2014-05-01,200,7.137,34.962,7.137,34.979
Ytre_Utsira,2014-05-01,250,7.018,35.04,7.018,35.057
Ytre_Utsira,2014-06-01,1,13.02,30.615,13.02,30.615
Ytre_Utsira,2014-06-01,5,12.442,30.933,12.442,30.933
Ytre_Utsira,2014-06-01,10,10.771,31.609,10.771,31.609
Ytre_Utsira,2014-06-01,20,9.023,32.266,9.023,32.266
Ytre_Utsira,2014-06-01,30,7.956,32.89,7.956,32.89
Ytre_Utsira,2014-06-01,50,6.715,34.119,6.715,34.119
Ytre_Utsira,2014-06-01,75,6.749,34.466,6.749,34.466
Ytre_Utsira,2014-06-01,100,6.762,34.612,6.762,34.612
Ytre_Utsira,2014-06-01,125,6.902,34.724,6.902,34.724
Ytre_Utsira,2014-06-01,150,7.077,34.843,7.077,34.843
Ytre_Utsira,2014-06-01,200,7.515,35.04,7.515,35.04
Ytre_Utsira,2014-06-01,250,7.004,35.034,7.004,35.034
Ytre_Utsira,2014-07-01,1,17.028,29.979,17.028,29.979
Ytre_Utsira,2014-07-01,5,16.422,30.067,16.422,30.067
Ytre_Utsira,2014-07-01,10,15.429,31.365,15.429,31.365
Ytre_Utsira,2014-07-01,20,11.834,32.93,11.834,32.93
Ytre_Utsira,2014-07-01,30,8.323,34.038,8.323,34.038
Ytre_Utsira,2014-07-01,50,7.475,34.516,7.475,34.516
Ytre_Utsira,2014-07-01,75,7.063,34.652,7.063,34.652
Ytre_Utsira,2014-07-01,100,6.813,34.7,6.813,34.7
Ytre_Utsira,2014-07-01,125,6.819,34.773,6.819,34.773
Ytre_Utsira,2014-07-01,150,6.789,34.808,6.789,34.808
Ytre_Utsira,2014-07-01,200,6.897,34.898,6.897,34.898
Ytre_Utsira,2014-07-01,250,6.98,34.978,6.98,34.978
Ytre_Utsira,2014-08-01,1,18.915,30.993,18.915,30.993
Ytre_Utsira,2014-08-01,5,18.849,31.017,18.849,31.017
Ytre_Utsira,2014-08-01,10,18.804,31.593,18.804,31.593
Ytre_Utsira,2014-08-01,20,13.69,32.763,13.69,32.763
Ytre_Utsira,2014-08-01,30,10.303,34.013,10.303,34.013
Ytre_Utsira,2014-08-01,50,8.185,34.584,8.185,34.584
Ytre_Utsira,2014-08-01,75,7.559,34.772,7.559,34.772
Ytre_Utsira,2014-08-01,100,6.932,34.787,6.932,34.787
Ytre_Utsira,2014-08-01,125,6.788,34.85,6.788,34.85
Ytre_Utsira,2014-08-01,150,6.859,34.937,6.859,34.937
Ytre_Utsira,2014-08-01,200,6.946,35.02,6.946,35.02
Ytre_Utsira,2014-08-01,250,7.006,35.125,7.006,35.125
Ytre_Utsira,2014-09-01,1,16.674,31.027,16.674,31.035
Ytre_Utsira,2014-09-01,5,16.597,31.368,16.597,31.376
Ytre_Utsira,2014-09-01,10,16.584,31.484,16.584,31.492
Ytre_Utsira,2014-09-01,20,16.37,32.15,16.37,32.158
Ytre_Utsira,2014-09-01,30,16.699,32.975,16.699,32.983
Ytre_Utsira,2014-09-01,50,13.722,34.319,13.722,34.327
Ytre_Utsira,2014-09-01,75,10.032,34.561,10.032,34.569
Ytre_Utsira,2014-09-01,100,8.661,34.824,8.661,34.832
Ytre_Utsira,2014-09-01,125,7.924,34.866,7.924,34.874
Ytre_Utsira,2014-09-01,150,7.67,34.882,7.67,34.89
Ytre_Utsira,2014-09-01,200,7.227,34.978,7.227,34.986
Ytre_Utsira,2014-09-01,250,6.975,35.1,6.975,35.089
Ytre_Utsira,2014-10-01,1,13.671,32.343,13.671,32.363
Ytre_Utsira,2014-10-01,5,13.72,32.493,13.72,32.513
Ytre_Utsira,2014-10-01,10,13.715,32.862,13.715,32.882
Ytre_Utsira,2014-10-01,20,13.669,33.047,13.669,33.067
Ytre_Utsira,2014-10-01,30,13.299,33.829,13.299,33.849
Ytre_Utsira,2014-10-01,50,10.529,34.54,10.529,34.56
Ytre_Utsira,2014-10-01,75,8.764,34.789,8.764,34.809
Ytre_Utsira,2014-10-01,100,8.223,34.955,8.223,34.975
Ytre_Utsira,2014-10-01,125,7.7,35.001,7.7,35.021
Ytre_Utsira,2014-10-01,150,7.326,35.055,7.326,35.075
Ytre_Utsira,2014-10-01,200,7.18,35.096,7.18,35.116
Ytre_Utsira,2014-10-01,250,7.05,35.151,7.05,35.156
Ytre_Utsira,2014-11-01,1,11.276,31.162,11.276,31.145
Ytre_Utsira,2014-11-01,5,11.33,31.37,11.33,31.354
Ytre_Utsira,2014-11-01,10,11.414,31.545,11.414,31.528
Ytre_Utsira,2014-11-01,20,11.559,31.852,11.559,31.835
Ytre_Utsira,2014-11-01,30,11.631,32.068,11.631,32.051
Ytre_Utsira,2014-11-01,50,11.942,32.882,11.942,32.866
Ytre_Utsira,2014-11-01,75,12.025,33.855,12.025,33.838
Ytre_Utsira,2014-11-01,100,11.926,34.495,11.926,34.478
Ytre_Utsira,2014-11-01,125,10.246,34.812,10.246,34.795
Ytre_Utsira,2014-11-01,150,9.182,34.94,9.182,34.923
Ytre_Utsira,2014-11-01,200,8.05,35.079,8.05,35.062
Ytre_Utsira,2014-11-01,250,7.292,35.161,7.292,35.144
Ytre_Utsira,2014-12-01,1,9.204,33.042,9.204,33.042
Ytre_Utsira,2014-12-01,5,9.225,33.185,9.225,33.185
Ytre_Utsira,2014-12-01,10,9.285,33.261,9.285,33.261
Ytre_Utsira,2014-12-01,20,9.484,33.515,9.484,33.515
Ytre_Utsira,2014-12-01,30,9.935,33.785,9.935,33.785
Ytre_Utsira,2014-12-01,50,10.032,34.014,10.032,34.014
Ytre_Utsira,2014-12-01,75,10.067,34.316,10.067,34.316
Ytre_Utsira,2014-12-01,100,10.069,34.502,10.069,34.502
Ytre_Utsira,2014-12-01,125,10.078,34.765,10.078,34.765
Ytre_Utsira,2014-12-01,150,9.826,34.908,9.826,34.908
Ytre_Utsira,2014-12-01,200,8.679,35.152,8.679,35.152
Ytre_Utsira,2014-12-01,250,7.253,35.227,7.253,35.227
Ytre_Utsira,2015-01-01,1,7.376,33.445,7.376,33.447
Ytre_Utsira,2015-01-01,5,7.478,33.57,7.478,33.572
Ytre_Utsira,2015-01-01,10,7.672,33.668,7.672,33.67
Ytre_Utsira,2015-01-01,20,7.846,33.798,7.846,33.8
Ytre_Utsira,2015-01-01,30,7.774,33.798,7.774,33.8
Ytre_Utsira,2015-01-01,50,8.068,33.947,8.068,33.949
Ytre_Utsira,2015-01-01,75,8.193,34.139,8.193,34.141
Ytre_Utsira,2015-01-01,100,8.687,34.435,8.687,34.437
Ytre_Utsira,2015-01-01,125,8.846,34.648,8.846,34.65
Ytre_Utsira,2015-01-01,150,8.834,34.795,8.834,34.797
Ytre_Utsira,2015-01-01,200,8.237,35.026,8.237,35.028
Ytre_Utsira,2015-02-01,1,6.375,33.572,6.375,33.044
Ytre_Utsira,2015-02-01,5,6.377,33.602,6.377,33.073
Ytre_Utsira,2015-02-01,10,6.38,33.614,6.38,33.086
Ytre_Utsira,2015-02-01,20,6.388,33.622,6.388,33.094
Ytre_Utsira,2015-02-01,30,6.406,33.635,6.406,33.107
Ytre_Utsira,2015-02-01,50,6.628,33.75,6.628,33.221
Ytre_Utsira,2015-02-01,75,7.371,34.102,7.371,33.573
Ytre_Utsira,2015-02-01,100,7.967,34.501,7.967,33.973
Ytre_Utsira,2015-02-01,125,8.225,34.76,8.225,34.231
Ytre_Utsira,2015-02-01,150,8.191,34.98,8.191,34.452
Ytre_Utsira,2015-02-01,200,7.976,35.15,7.976,34.622
Ytre_Utsira,2015-02-01,250,7.491,35.208,7.491,34.679
Ytre_Utsira,2015-03-01,1,6.145,33.295,6.145,33.295
Ytre_Utsira,2015-03-01,5,6.076,33.41,6.076,33.41
Ytre_Utsira,2015-03-01,10,6.069,33.42,6.069,33.42
Ytre_Utsira,2015-03-01,20,5.947,33.633,5.947,33.633
Ytre_Utsira,2015-03-01,30,5.927,33.735,5.927,33.735
Ytre_Utsira,2015-03-01,50,6.333,34.18,6.333,34.18
Ytre_Utsira,2015-03-01,75,7.668,34.95,7.668,34.95
Ytre_Utsira,2015-03-01,100,7.849,35.161,7.849,35.161
Ytre_Utsira,2015-03-01,125,7.757,35.264,7.757,35.264
Ytre_Utsira,2015-03-01,150,7.753,35.35,7.753,35.35
Ytre_Utsira,2015-03-01,200,7.582,35.448,7.582,35.448
Ytre_Utsira,2015-03-01,250,7.666,35.53,7.666,35.53
Ytre_Utsira,2015-04-01,1,5.736,31.315,5.736,31.314
Ytre_Utsira,2015-04-01,5,5.69,31.58,5.69,31.579
Ytre_Utsira,2015-04-01,10,5.66,31.807,5.66,31.806
Ytre_Utsira,2015-04-01,20,5.955,32.453,5.955,32.452
Ytre_Utsira,2015-04-01,30,6.232,33.47,6.232,33.469
Ytre_Utsira,2015-04-01,50,6.44,33.988,6.44,33.986
Ytre_Utsira,2015-04-01,75,7.144,34.488,7.144,34.486
Ytre_Utsira,2015-04-01,100,7.357,34.67,7.357,34.669
Ytre_Utsira,2015-04-01,125,7.507,34.772,7.507,34.771
Ytre_Utsira,2015-04-01,150,7.586,34.967,7.586,34.966
Ytre_Utsira,2015-04-01,200,7.369,35.11,7.369,35.109
Ytre_Utsira,2015-04-01,250,7.295,35.157,7.295,35.156
Ytre_Utsira,2015-05-01,1,9.079,31.751,9.079,31.72
Ytre_Utsira,2015-05-01,5,8.887,31.809,8.887,31.779
Ytre_Utsira,2015-05-01,10,8.636,31.968,8.636,31.937
Ytre_Utsira,2015-05-01,20,7.961,32.602,7.961,32.571
Ytre_Utsira,2015-05-01,30,7.324,33.304,7.324,33.273
Ytre_Utsira,2015-05-01,50,6.861,34.144,6.861,34.114
Ytre_Utsira,2015-05-01,75,6.903,34.595,6.903,34.565
Ytre_Utsira,2015-05-01,100,7.018,34.759,7.018,34.729
Ytre_Utsira,2015-05-01,125,7.147,34.873,7.147,34.843
Ytre_Utsira,2015-05-01,150,7.194,34.985,7.194,34.954
Ytre_Utsira,2015-05-01,200,7.351,35.125,7.351,35.095
Ytre_Utsira,2015-05-01,250,7.258,35.23,7.258,35.2
Ytre_Utsira,2015-06-01,1,11.488,31.878,11.488,31.822
Ytre_Utsira,2015-06-01,5,11.327,32.023,11.327,31.968
Ytre_Utsira,2015-06-01,10,10.654,32.31,10.654,32.254
Ytre_Utsira,2015-06-01,20,9.602,32.778,9.602,32.722
Ytre_Utsira,2015-06-01,30,8.93,33.252,8.93,33.197
Ytre_Utsira,2015-06-01,50,7.983,33.977,7.983,33.921
Ytre_Utsira,2015-06-01,75,6.998,34.353,6.998,34.297
Ytre_Utsira,2015-06-01,100,6.782,34.634,6.782,34.578
Ytre_Utsira,2015-06-01,125,6.845,34.787,6.845,34.732
Ytre_Utsira,2015-06-01,150,6.949,34.885,6.949,34.829
Ytre_Utsira,2015-06-01,200,7.216,35.11,7.216,35.054
Ytre_Utsira,2015-06-01,250,7.205,35.198,7.205,35.142
Ytre_Utsira,2015-07-01,1,13.18,32.143,13.18,32.069
Ytre_Utsira,2015-07-01,5,13.095,32.15,13.095,32.076
Ytre_Utsira,2015-07-01,10,12.82,32.162,12.82,32.087
Ytre_Utsira,2015-07-01,20,12.003,32.473,12.003,32.398
Ytre_Utsira,2015-07-01,30,10.595,33.067,10.595,32.992
Ytre_Utsira,2015-07-01,50,8.667,34.255,8.667,34.181
Ytre_Utsira,2015-07-01,75,7.836,34.638,7.836,34.564
Ytre_Utsira,2015-07-01,100,7.236,34.771,7.236,34.697
Ytre_Utsira,2015-07-01,125,7.056,34.922,7.056,34.848
Ytre_Utsira,2015-07-01,150,7.036,34.994,7.036,34.92
Ytre_Utsira,2015-07-01,200,7.169,35.134,7.169,35.06
Ytre_Utsira,2015-07-01,250,7.183,35.226,7.183,35.152
Ytre_Utsira,2015-08-01,1,16.228,30.154,16.228,30.086
Ytre_Utsira,2015-08-01,5,16.065,30.329,16.065,30.261
Ytre_Utsira,2015-08-01,10,15.88,30.57,15.88,30.502
Ytre_Utsira,2015-08-01,20,15.429,31.217,15.429,31.149
Ytre_Utsira,2015-08-01,30,14.439,32.332,14.439,32.264
Ytre_Utsira,2015-08-01,50,11.764,34.141,11.764,34.073
Ytre_Utsira,2015-08-01,75,9.006,34.627,9.006,34.559
Ytre_Utsira,2015-08-01,100,7.958,34.834,7.958,34.766
Ytre_Utsira,2015-08-01,125,7.401,34.946,7.401,34.878
Ytre_Utsira,2015-08-01,150,7.129,35.018,7.129,34.95
Ytre_Utsira,2015-08-01,200,7.082,35.149,7.082,35.081
Ytre_Utsira,2015-08-01,250,7.205,35.251,7.205,35.183
Ytre_Utsira,2015-09-01,1,14.82,29.088,14.82,29.011
Ytre_Utsira,2015-09-01,5,14.829,29.181,14.829,29.104
Ytre_Utsira,2015-09-01,10,14.955,29.988,14.955,29.912
Ytre_Utsira,2015-09-01,20,15.647,32.702,15.647,32.625
Ytre_Utsira,2015-09-01,30,14.274,33.93,14.274,33.854
Ytre_Utsira,2015-09-01,50,12.236,34.656,12.236,34.579
Ytre_Utsira,2015-09-01,75,9.953,34.846,9.953,34.77
Ytre_Utsira,2015-09-01,100,8.54,35.003,8.54,34.927
Ytre_Utsira,2015-09-01,125,7.706,35.033,7.706,34.957
Ytre_Utsira,2015-09-01,150,7.54,35.083,7.54,35.007
Ytre_Utsira,2015-09-01,200,7.403,35.135,7.403,35.058
Ytre_Utsira,2015-09-01,250,7.198,35.204,7.198,35.128
Ytre_Utsira,2015-10-01,1,13.485,31.595,13.485,31.485
Ytre_Utsira,2015-10-01,5,13.5,31.608,13.5,31.499
Ytre_Utsira,2015-10-01,10,13.698,31.948,13.698,31.838
Ytre_Utsira,2015-10-01,20,14.12,33.129,14.12,33.019
Ytre_Utsira,2015-10-01,30,13.808,33.388,13.808,33.278
Ytre_Utsira,2015-10-01,50,13.014,33.966,13.014,33.856
Ytre_Utsira,2015-10-01,75,11.471,34.645,11.471,34.535
Ytre_Utsira,2015-10-01,100,9.333,34.989,9.333,34.879
Ytre_Utsira,2015-10-01,125,7.876,35.088,7.876,34.978
Ytre_Utsira,2015-10-01,150,7.375,35.146,7.375,35.036
Ytre_Utsira,2015-10-01,200,7.15,35.226,7.15,35.116
Ytre_Utsira,2015-10-01,250,7.201,35.274,7.201,35.165
Ytre_Utsira,2015-11-01,1,11.29,32.154,11.29,32.062
Ytre_Utsira,2015-11-01,5,11.306,32.15,11.306,32.058
Ytre_Utsira,2015-11-01,10,11.314,32.167,11.314,32.075
Ytre_Utsira,2015-11-01,20,11.381,32.286,11.381,32.194
Ytre_Utsira,2015-11-01,30,11.462,32.422,11.462,32.33
Ytre_Utsira,2015-11-01,50,11.534,33.505,11.534,33.413
Ytre_Utsira,2015-11-01,75,9.907,34.803,9.907,34.711
Ytre_Utsira,2015-11-01,100,8.699,35.063,8.699,34.971
Ytre_Utsira,2015-11-01,125,8.218,35.111,8.218,35.019
Ytre_Utsira,2015-11-01,150,7.77,35.17,7.77,35.078
Ytre_Utsira,2015-11-01,200,7.512,35.202,7.512,35.11
Ytre_Utsira,2015-11-01,250,7.414,35.213,7.414,35.121
Ytre_Utsira,2015-12-01,1,9.791,33.917,9.791,33.849
Ytre_Utsira,2015-12-01,5,9.812,33.93,9.812,33.862
Ytre_Utsira,2015-12-01,10,9.814,33.93,9.814,33.862
Ytre_Utsira,2015-12-01,20,9.832,33.938,9.832,33.869
Ytre_Utsira,2015-12-01,30,9.856,33.97,9.856,33.902
Ytre_Utsira,2015-12-01,50,10.164,34.2,10.164,34.132
Ytre_Utsira,2015-12-01,75,10.405,34.723,10.405,34.655
Ytre_Utsira,2015-12-01,100,10.304,34.825,10.304,34.757
Ytre_Utsira,2015-12-01,125,10.174,34.872,10.174,34.804
Ytre_Utsira,2015-12-01,150,10.204,34.967,10.204,34.899
Ytre_Utsira,2015-12-01,200,9.769,35.062,9.769,34.994
Ytre_Utsira,2015-12-01,250,8.071,35.187,8.071,35.119
Ytre_Utsira,2016-01-01,1,8.278,34.225,8.278,34.202
Ytre_Utsira,2016-01-01,5,8.311,34.248,8.311,34.225
Ytre_Utsira,2016-01-01,10,8.313,34.244,8.313,34.221
Ytre_Utsira,2016-01-01,20,8.316,34.246,8.316,34.223
Ytre_Utsira,2016-01-01,30,8.325,34.26,8.325,34.237
Ytre_Utsira,2016-01-01,50,8.411,34.306,8.411,34.283
Ytre_Utsira,2016-01-01,75,8.402,34.38,8.402,34.357
Ytre_Utsira,2016-01-01,100,8.642,34.636,8.642,34.613
Ytre_Utsira,2016-01-01,125,8.825,34.957,8.825,34.934
Ytre_Utsira,2016-01-01,150,9.255,35.177,9.255,35.154
Ytre_Utsira,2016-01-01,200,9.055,35.245,9.055,35.222
Ytre_Utsira,2016-01-01,250,8.61,35.275,8.61,35.252
Ytre_Utsira,2016-02-01,1,6.079,33.269,6.079,33.132
Ytre_Utsira,2016-02-01,5,6.021,33.535,6.021,33.398
Ytre_Utsira,2016-02-01,10,6.107,33.652,6.107,33.515
Ytre_Utsira,2016-02-01,20,6.282,33.831,6.282,33.694
Ytre_Utsira,2016-02-01,30,6.396,33.933,6.396,33.795
Ytre_Utsira,2016-02-01,50,6.615,34.058,6.615,33.92
Ytre_Utsira,2016-02-01,75,7.004,34.304,7.004,34.167
Ytre_Utsira,2016-02-01,100,7.526,34.6,7.526,34.463
Ytre_Utsira,2016-02-01,125,7.942,34.834,7.942,34.697
Ytre_Utsira,2016-02-01,150,8.16,35.012,8.16,34.874
Ytre_Utsira,2016-02-01,200,8.26,35.227,8.26,35.089
Ytre_Utsira,2016-02-01,250,8.052,35.303,8.052,35.165
Ytre_Utsira,2016-03-01,1,5.376,32.549,5.376,32.51
Ytre_Utsira,2016-03-01,5,5.384,32.618,5.384,32.579
Ytre_Utsira,2016-03-01,10,5.49,32.682,5.49,32.643
Ytre_Utsira,2016-03-01,20,5.513,32.733,5.513,32.694
Ytre_Utsira,2016-03-01,30,5.473,32.871,5.473,32.832
Ytre_Utsira,2016-03-01,50,6.084,33.735,6.084,33.696
Ytre_Utsira,2016-03-01,75,6.477,34.068,6.477,34.03
Ytre_Utsira,2016-03-01,100,7.121,34.516,7.121,34.477
Ytre_Utsira,2016-03-01,125,7.628,34.732,7.628,34.693
Ytre_Utsira,2016-03-01,150,7.689,34.885,7.689,34.846
Ytre_Utsira,2016-03-01,200,7.995,35.173,7.995,35.134
Ytre_Utsira,2016-03-01,250,7.515,35.215,7.515,35.176
Ytre_Utsira,2016-04-01,1,6.74,31.585,6.74,31.565
Ytre_Utsira,2016-04-01,5,6.152,32.61,6.152,32.59
Ytre_Utsira,2016-04-01,10,6.125,32.822,6.125,32.802
Ytre_Utsira,2016-04-01,20,6.415,33.333,6.415,33.313
Ytre_Utsira,2016-04-01,30,6.615,33.906,6.615,33.886
Ytre_Utsira,2016-04-01,50,7.244,34.53,7.244,34.51
Ytre_Utsira,2016-04-01,75,6.908,34.668,6.908,34.648
Ytre_Utsira,2016-04-01,100,7.077,34.81,7.077,34.79
Ytre_Utsira,2016-04-01,125,7.549,34.963,7.549,34.943
Ytre_Utsira,2016-04-01,150,7.687,35.032,7.687,35.012
Ytre_Utsira,2016-04-01,200,7.47,35.19,7.47,35.17
Ytre_Utsira,2016-04-01,250,7.151,35.21,7.151,35.19
Ytre_Utsira,2016-05-01,1,9.848,30.893,9.848,30.848
Ytre_Utsira,2016-05-01,5,9.221,31.359,9.221,31.314
Ytre_Utsira,2016-05-01,10,8.631,31.584,8.631,31.539
Ytre_Utsira,2016-05-01,20,8.171,32.02,8.171,31.975
Ytre_Utsira,2016-05-01,30,7.318,32.748,7.318,32.703
Ytre_Utsira,2016-05-01,50,6.667,33.88,6.667,33.835
Ytre_Utsira,2016-05-01,75,7.038,34.584,7.038,34.539
Ytre_Utsira,2016-05-01,100,7.221,34.805,7.221,34.76
Ytre_Utsira,2016-05-01,125,7.336,34.898,7.336,34.853
Ytre_Utsira,2016-05-01,150,7.396,34.976,7.396,34.931
Ytre_Utsira,2016-05-01,200,7.504,35.17,7.504,35.125
Ytre_Utsira,2016-05-01,250,7.216,35.23,7.216,35.185
Ytre_Utsira,2016-06-01,1,14.589,29.598,14.589,29.61
Ytre_Utsira,2016-06-01,5,13.986,29.801,13.986,29.813
Ytre_Utsira,2016-06-01,10,13.288,30.117,13.288,30.13
Ytre_Utsira,2016-06-01,20,10.567,31.571,10.567,31.584
Ytre_Utsira,2016-06-01,30,7.731,33.59,7.731,33.603
Ytre_Utsira,2016-06-01,50,7.058,34.314,7.058,34.326
Ytre_Utsira,2016-06-01,75,6.996,34.644,6.996,34.656
Ytre_Utsira,2016-06-01,100,7.207,34.794,7.207,34.806
Ytre_Utsira,2016-06-01,125,7.34,34.884,7.34,34.897
Ytre_Utsira,2016-06-01,150,7.376,34.926,7.376,34.939
Ytre_Utsira,2016-06-01,200,7.363,35.098,7.363,35.111
Ytre_Utsira,2016-06-01,250,7.205,35.198,7.205,35.171
Ytre_Utsira,2016-07-01,1,15.244,30.286,15.244,30.181
Ytre_Utsira,2016-07-01,5,14.969,30.45,14.969,30.345
Ytre_Utsira,2016-07-01,10,14.517,31.075,14.517,30.971
Ytre_Utsira,2016-07-01,20,12.407,32.594,12.407,32.489
Ytre_Utsira,2016-07-01,30,9.499,34.081,9.499,33.976
Ytre_Utsira,2016-07-01,50,8.417,34.475,8.417,34.37
Ytre_Utsira,2016-07-01,75,7.356,34.79,7.356,34.685
Ytre_Utsira,2016-07-01,100,7.199,34.947,7.199,34.842
Ytre_Utsira,2016-07-01,125,7.206,35.047,7.206,34.942
Ytre_Utsira,2016-07-01,150,7.178,35.106,7.178,35.001
Ytre_Utsira,2016-07-01,200,7.211,35.174,7.211,35.07
Ytre_Utsira,2016-07-01,250,7.188,35.29,7.188,35.185
Ytre_Utsira,2016-08-01,1,16.1,31.342,16.1,31.232
Ytre_Utsira,2016-08-01,5,15.847,31.389,15.847,31.279
Ytre_Utsira,2016-08-01,10,15.224,31.942,15.224,31.832
Ytre_Utsira,2016-08-01,20,14.692,32.304,14.692,32.194
Ytre_Utsira,2016-08-01,30,13.825,32.985,13.825,32.875
Ytre_Utsira,2016-08-01,50,10.992,34.225,10.992,34.115
Ytre_Utsira,2016-08-01,75,8.737,34.851,8.737,34.741
Ytre_Utsira,2016-08-01,100,8.007,35.023,8.007,34.913
Ytre_Utsira,2016-08-01,125,7.562,35.07,7.562,34.96
Ytre_Utsira,2016-08-01,150,7.334,35.148,7.334,35.038
Ytre_Utsira,2016-08-01,200,7.213,35.222,7.213,35.112
Ytre_Utsira,2016-08-01,250,7.162,35.287,7.162,35.177
Ytre_Utsira,2016-10-01,1,14.369,30.413,14.369,30.262
Ytre_Utsira,2016-10-01,5,14.087,31.18,14.087,31.029
Ytre_Utsira,2016-10-01,10,14.282,31.685,14.282,31.534
Ytre_Utsira,2016-10-01,20,14.63,32.63,14.63,32.479
Ytre_Utsira,2016-10-01,30,14.875,33.97,14.875,33.819
Ytre_Utsira,2016-10-01,50,14.617,34.14,14.617,33.989
Ytre_Utsira,2016-10-01,75,11.426,34.736,11.426,34.585
Ytre_Utsira,2016-10-01,100,9.222,34.965,9.222,34.814
Ytre_Utsira,2016-10-01,125,8.436,35.077,8.436,34.926
Ytre_Utsira,2016-10-01,150,8.05,35.103,8.05,34.952
Ytre_Utsira,2016-10-01,200,7.498,35.172,7.498,35.021
Ytre_Utsira,2016-10-01,250,7.222,35.28,7.222,35.129
Ytre_Utsira,2016-11-01,1,10.313,32.748,10.313,32.692
Ytre_Utsira,2016-11-01,5,10.352,32.785,10.352,32.729
Ytre_Utsira,2016-11-01,10,10.546,32.978,10.546,32.922
Ytre_Utsira,2016-11-01,20,10.838,33.547,10.838,33.491
Ytre_Utsira,2016-11-01,30,11.004,33.982,11.004,33.926
Ytre_Utsira,2016-11-01,50,11.246,34.608,11.246,34.552
Ytre_Utsira,2016-11-01,75,10.488,35.016,10.488,34.96
Ytre_Utsira,2016-11-01,100,9.278,35.302,9.278,35.247
Ytre_Utsira,2016-11-01,125,8.675,35.223,8.675,35.167
Ytre_Utsira,2016-11-01,150,7.974,35.18,7.974,35.124
Ytre_Utsira,2016-11-01,200,7.549,35.205,7.549,35.149
Ytre_Utsira,2016-11-01,250,7.363,35.245,7.363,35.189
Ytre_Utsira,2016-12-01,1,8.692,32.802,8.692,32.802
Ytre_Utsira,2016-12-01,5,8.684,32.88,8.684,32.88
Ytre_Utsira,2016-12-01,10,8.738,32.97,8.738,32.97
Ytre_Utsira,2016-12-01,20,8.699,33.002,8.699,33.002
Ytre_Utsira,2016-12-01,30,8.923,33.172,8.923,33.172
Ytre_Utsira,2016-12-01,50,9.688,34.21,9.688,34.21
Ytre_Utsira,2016-12-01,75,8.988,34.87,8.988,34.87
Ytre_Utsira,2016-12-01,100,8.57,35.01,8.57,35.01
Ytre_Utsira,2016-12-01,125,8.332,35.057,8.332,35.057
Ytre_Utsira,2016-12-01,150,7.996,35.11,7.996,35.11
Ytre_Utsira,2016-12-01,200,7.893,35.173,7.893,35.173
Ytre_Utsira,2016-12-01,250,7.506,35.22,7.506,35.22
Ytre_Utsira,2017-01-01,1,7.379,34.016,7.379,33.962
Ytre_Utsira,2017-01-01,5,7.31,34.132,7.31,34.078
Ytre_Utsira,2017-01-01,10,7.306,34.122,7.306,34.069
Ytre_Utsira,2017-01-01,20,7.291,34.162,7.291,34.109
Ytre_Utsira,2017-01-01,30,7.308,34.172,7.308,34.119
Ytre_Utsira,2017-01-01,50,7.292,34.189,7.292,34.135
Ytre_Utsira,2017-01-01,75,7.706,34.389,7.706,34.335
Ytre_Utsira,2017-01-01,100,8.581,34.812,8.581,34.759
Ytre_Utsira,2017-01-01,125,8.729,34.92,8.729,34.866
Ytre_Utsira,2017-01-01,150,8.858,35.03,8.858,34.976
Ytre_Utsira,2017-01-01,200,8.668,35.138,8.668,35.085
Ytre_Utsira,2017-01-01,250,8.158,35.199,8.158,35.145
Ytre_Utsira,2017-03-01,1,5.556,32.592,5.556,32.546
Ytre_Utsira,2017-03-01,5,5.516,32.783,5.516,32.737
Ytre_Utsira,2017-03-01,10,5.665,33.128,5.665,33.082
Ytre_Utsira,2017-03-01,20,5.921,33.587,5.921,33.541
Ytre_Utsira,2017-03-01,30,6.011,33.752,6.011,33.706
Ytre_Utsira,2017-03-01,50,6.576,34.268,6.576,34.222
Ytre_Utsira,2017-03-01,75,7.359,34.663,7.359,34.617
Ytre_Utsira,2017-03-01,100,7.975,34.959,7.975,34.913
Ytre_Utsira,2017-03-01,125,8.011,34.98,8.011,34.934
Ytre_Utsira,2017-03-01,150,7.844,35.035,7.844,34.989
Ytre_Utsira,2017-03-01,200,7.939,35.128,7.939,35.082
Ytre_Utsira,2017-03-01,250,7.92,35.195,7.92,35.149
Ytre_Utsira,2017-04-01,1,6.72,32.403,6.72,32.376
Ytre_Utsira,2017-04-01,5,6.633,32.562,6.633,32.534
Ytre_Utsira,2017-04-01,10,6.611,32.69,6.611,32.663
Ytre_Utsira,2017-04-01,20,6.695,33.156,6.695,33.129
Ytre_Utsira,2017-04-01,30,6.772,33.844,6.772,33.817
Ytre_Utsira,2017-04-01,50,6.92,34.373,6.92,34.346
Ytre_Utsira,2017-04-01,75,7.601,34.771,7.601,34.744
Ytre_Utsira,2017-04-01,100,7.792,34.892,7.792,34.865
Ytre_Utsira,2017-04-01,125,7.974,35.005,7.974,34.978
Ytre_Utsira,2017-04-01,150,8.04,35.078,8.04,35.051
Ytre_Utsira,2017-04-01,200,7.923,35.137,7.923,35.109
Ytre_Utsira,2017-04-01,250,7.709,35.173,7.709,35.146
Ytre_Utsira,2017-05-01,1,9.444,31.628,9.444,31.6
Ytre_Utsira,2017-05-01,5,9.304,31.761,9.304,31.733
Ytre_Utsira,2017-05-01,10,8.744,31.953,8.744,31.925
Ytre_Utsira,2017-05-01,20,8.483,32.522,8.483,32.494
Ytre_Utsira,2017-05-01,30,7.885,32.967,7.885,32.939
Ytre_Utsira,2017-05-01,50,7.131,33.837,7.131,33.809
Ytre_Utsira,2017-05-01,75,7.299,34.678,7.299,34.65
Ytre_Utsira,2017-05-01,100,7.408,34.847,7.408,34.818
Ytre_Utsira,2017-05-01,125,7.732,34.965,7.732,34.937
Ytre_Utsira,2017-05-01,150,7.836,35.044,7.836,35.016
Ytre_Utsira,2017-05-01,200,7.714,35.127,7.714,35.099
Ytre_Utsira,2017-05-01,250,7.513,35.164,7.513,35.136
Ytre_Utsira,2017-06-01,1,12.623,30.253,12.623,30.253
Ytre_Utsira,2017-06-01,5,12.399,30.724,12.399,30.723
Ytre_Utsira,2017-06-01,10,12.247,30.87,12.247,30.869
Ytre_Utsira,2017-06-01,20,9.969,31.92,9.969,31.919
Ytre_Utsira,2017-06-01,30,8.5,32.909,8.5,32.908
Ytre_Utsira,2017-06-01,50,7.544,34.036,7.544,34.036
Ytre_Utsira,2017-06-01,75,7.288,34.63,7.288,34.629
Ytre_Utsira,2017-06-01,100,7.423,34.832,7.423,34.831
Ytre_Utsira,2017-06-01,125,7.613,34.93,7.613,34.93
Ytre_Utsira,2017-06-01,150,7.679,34.998,7.679,34.997
Ytre_Utsira,2017-06-01,200,7.629,35.067,7.629,35.067
Ytre_Utsira,2017-06-01,250,7.541,35.114,7.541,35.113
Ytre_Utsira,2017-07-01,1,14.459,25.233,14.459,25.235
Ytre_Utsira,2017-07-01,5,14.475,31.806,14.475,31.808
Ytre_Utsira,2017-07-01,10,14.277,31.968,14.277,31.97
Ytre_Utsira,2017-07-01,20,12.145,32.985,12.145,32.987
Ytre_Utsira,2017-07-01,30,10.855,34.018,10.855,34.02
Ytre_Utsira,2017-07-01,50,9.466,34.313,9.466,34.315
Ytre_Utsira,2017-07-01,75,8.318,34.618,8.318,34.62
Ytre_Utsira,2017-07-01,100,7.869,34.762,7.869,34.764
Ytre_Utsira,2017-07-01,125,7.687,34.86,7.687,34.862
Ytre_Utsira,2017-07-01,150,7.577,34.928,7.577,34.93
Ytre_Utsira,2017-07-01,200,7.492,35.047,7.492,35.049
Ytre_Utsira,2017-07-01,250,7.408,35.121,7.408,35.123
Ytre_Utsira,2017-08-01,1,15.83,31.451,15.83,31.422
Ytre_Utsira,2017-08-01,5,15.809,31.511,15.809,31.482
Ytre_Utsira,2017-08-01,10,15.8,31.518,15.8,31.489
Ytre_Utsira,2017-08-01,20,14.339,32.298,14.339,32.269
Ytre_Utsira,2017-08-01,30,13.412,33.341,13.412,33.312
Ytre_Utsira,2017-08-01,50,13.046,34.41,13.046,34.382
Ytre_Utsira,2017-08-01,75,10.429,34.563,10.429,34.534
Ytre_Utsira,2017-08-01,100,8.103,34.794,8.103,34.765
Ytre_Utsira,2017-08-01,125,7.758,34.833,7.758,34.804
Ytre_Utsira,2017-08-01,150,7.645,34.916,7.645,34.887
Ytre_Utsira,2017-08-01,200,7.525,34.993,7.525,34.964
Ytre_Utsira,2017-09-01,1,15.583,29.953,15.583,29.944
Ytre_Utsira,2017-09-01,5,15.642,30.172,15.642,30.164
Ytre_Utsira,2017-09-01,10,15.647,30.27,15.647,30.261
Ytre_Utsira,2017-09-01,20,15.753,30.953,15.753,30.945
Ytre_Utsira,2017-09-01,30,15.853,31.737,15.853,31.729
Ytre_Utsira,2017-09-01,50,15.199,33.693,15.199,33.685
Ytre_Utsira,2017-09-01,75,11.943,34.453,11.943,34.444
Ytre_Utsira,2017-09-01,100,8.607,34.794,8.607,34.786
Ytre_Utsira,2017-09-01,125,7.782,34.923,7.782,34.915
Ytre_Utsira,2017-09-01,150,7.573,34.99,7.573,34.982
Ytre_Utsira,2017-09-01,200,7.432,35.055,7.432,35.047
Ytre_Utsira,2017-09-01,250,7.34,35.108,7.34,35.1
Ytre_Utsira,2017-10-01,1,13.712,31.415,13.712,31.404
Ytre_Utsira,2017-10-01,5,13.67,31.582,13.67,31.571
Ytre_Utsira,2017-10-01,10,13.671,31.66,13.671,31.649
Ytre_Utsira,2017-10-01,20,13.927,32.517,13.927,32.506
Ytre_Utsira,2017-10-01,30,14.165,34.306,14.165,34.295
Ytre_Utsira,2017-10-01,50,12.86,34.579,12.86,34.568
Ytre_Utsira,2017-10-01,75,9.242,34.829,9.242,34.818
Ytre_Utsira,2017-10-01,100,8.149,34.949,8.149,34.938
Ytre_Utsira,2017-10-01,125,7.689,34.997,7.689,34.986
Ytre_Utsira,2017-10-01,150,7.519,35.045,7.519,35.034
Ytre_Utsira,2017-10-01,200,7.382,35.108,7.382,35.097
Ytre_Utsira,2017-10-01,250,7.348,35.134,7.348,35.124
Ytre_Utsira,2017-11-01,1,11.387,33.755,11.387,33.755
Ytre_Utsira,2017-11-01,5,11.49,33.684,11.49,33.684
Ytre_Utsira,2017-11-01,10,11.489,33.707,11.489,33.707
Ytre_Utsira,2017-11-01,20,11.489,33.705,11.489,33.705
Ytre_Utsira,2017-11-01,30,11.488,33.73,11.488,33.73
Ytre_Utsira,2017-11-01,50,12.189,34.27,12.189,34.27
Ytre_Utsira,2017-11-01,75,11.334,34.714,11.334,34.714
Ytre_Utsira,2017-11-01,100,10.349,34.822,10.349,34.822
Ytre_Utsira,2017-11-01,125,8.365,35.017,8.365,35.017
Ytre_Utsira,2017-11-01,150,8.107,35.15,8.107,35.15
Ytre_Utsira,2017-11-01,200,7.677,35.184,7.677,35.184
Ytre_Utsira,2017-12-01,1,9.261,33.783,9.261,33.697
Ytre_Utsira,2017-12-01,5,9.286,33.82,9.286,33.734
Ytre_Utsira,2017-12-01,10,9.288,33.822,9.288,33.736
Ytre_Utsira,2017-12-01,20,9.283,33.823,9.283,33.737
Ytre_Utsira,2017-12-01,30,9.508,33.94,9.508,33.854
Ytre_Utsira,2017-12-01,50,9.807,34.125,9.807,34.039
Ytre_Utsira,2017-12-01,75,10.098,34.75,10.098,34.664
Ytre_Utsira,2017-12-01,100,9.543,34.952,9.543,34.866
Ytre_Utsira,2017-12-01,125,8.941,35.033,8.941,34.947
Ytre_Utsira,2017-12-01,150,8.521,35.103,8.521,35.017
Ytre_Utsira,2017-12-01,200,7.859,35.182,7.859,35.096
Ytre_Utsira,2018-01-01,1,7.052,33.205,7.052,33.117
Ytre_Utsira,2018-01-01,5,7.2,33.36,7.2,33.272
Ytre_Utsira,2018-01-01,10,7.537,33.537,7.537,33.449
Ytre_Utsira,2018-01-01,20,7.898,33.845,7.898,33.757
Ytre_Utsira,2018-01-01,30,8.493,34.035,8.493,33.947
Ytre_Utsira,2018-01-01,50,9.294,34.463,9.294,34.375
Ytre_Utsira,2018-01-01,75,9.291,34.537,9.291,34.449
Ytre_Utsira,2018-01-01,100,9.376,34.64,9.376,34.552
Ytre_Utsira,2018-01-01,125,9.334,34.682,9.334,34.594
Ytre_Utsira,2018-01-01,150,9.389,34.833,9.389,34.745
Ytre_Utsira,2018-01-01,200,9.285,35.006,9.285,34.918
Ytre_Utsira,2018-03-01,1,3.366,30.689,3.366,30.621
Ytre_Utsira,2018-03-01,5,3.464,31.033,3.464,30.966
Ytre_Utsira,2018-03-01,10,3.712,31.476,3.712,31.408
Ytre_Utsira,2018-03-01,20,4.287,32.073,4.287,32.005
Ytre_Utsira,2018-03-01,30,4.726,32.538,4.726,32.471
Ytre_Utsira,2018-03-01,50,5.681,33.65,5.681,33.582
Ytre_Utsira,2018-03-01,75,7.001,34.317,7.001,34.25
Ytre_Utsira,2018-03-01,100,7.555,34.767,7.555,34.7
Ytre_Utsira,2018-03-01,125,7.811,34.946,7.811,34.878
Ytre_Utsira,2018-03-01,150,7.877,35.079,7.877,35.012
Ytre_Utsira,2018-03-01,200,7.794,35.194,7.794,35.127
Ytre_Utsira,2018-04-01,1,5.564,31.517,5.564,31.415
Ytre_Utsira,2018-04-01,5,5.422,31.54,5.422,31.438
Ytre_Utsira,2018-04-01,10,5.208,32.219,5.208,32.117
Ytre_Utsira,2018-04-01,20,5.334,32.839,5.334,32.738
Ytre_Utsira,2018-04-01,30,5.51,33.227,5.51,33.126
Ytre_Utsira,2018-04-01,50,6.365,34.165,6.365,34.064
Ytre_Utsira,2018-04-01,75,7.17,34.709,7.17,34.607
Ytre_Utsira,2018-04-01,100,7.209,34.85,7.209,34.749
Ytre_Utsira,2018-04-01,125,7.285,34.997,7.285,34.896
Ytre_Utsira,2018-04-01,150,7.345,35.076,7.345,34.975
Ytre_Utsira,2018-04-01,200,7.161,35.177,7.161,35.076
Ytre_Utsira,2018-04-01,250,6.599,35.195,6.599,35.107
Ytre_Utsira,2018-05-01,1,10.142,29.907,10.142,29.759
Ytre_Utsira,2018-05-01,5,9.486,30.216,9.486,30.067
Ytre_Utsira,2018-05-01,10,8.947,30.656,8.947,30.507
Ytre_Utsira,2018-05-01,20,7.934,31.488,7.934,31.339
Ytre_Utsira,2018-05-01,30,6.95,33.547,6.95,33.399
Ytre_Utsira,2018-05-01,50,6.65,34.481,6.65,34.332
Ytre_Utsira,2018-05-01,75,6.979,34.853,6.979,34.704
Ytre_Utsira,2018-05-01,100,7.043,34.991,7.043,34.843
Ytre_Utsira,2018-05-01,125,7.055,35.06,7.055,34.911
Ytre_Utsira,2018-05-01,150,7.007,35.109,7.007,34.961
Ytre_Utsira,2018-05-01,200,6.791,35.161,6.791,35.012
Ytre_Utsira,2018-06-01,1,12.999,30.479,12.999,30.319
Ytre_Utsira,2018-06-01,5,12.32,31.134,12.32,30.975
Ytre_Utsira,2018-06-01,10,10.386,32.178,10.386,32.018
Ytre_Utsira,2018-06-01,20,7.992,33.534,7.992,33.375
Ytre_Utsira,2018-06-01,30,7.111,34.398,7.111,34.238
Ytre_Utsira,2018-06-01,50,7.041,34.825,7.041,34.665
Ytre_Utsira,2018-06-01,75,7.063,34.98,7.063,34.82
Ytre_Utsira,2018-06-01,100,7.112,35.056,7.112,34.897
Ytre_Utsira,2018-06-01,125,7.133,35.114,7.133,34.954
Ytre_Utsira,2018-06-01,150,7.066,35.146,7.066,34.986
Ytre_Utsira,2018-06-01,200,6.649,35.187,6.649,35.027
Ytre_Utsira,2018-06-01,250,6.16,35.25,6.16,35.092
Ytre_Utsira,2018-07-01,1,13.572,33.096,13.572,32.961
Ytre_Utsira,2018-07-01,5,11.958,33.298,11.958,33.163
Ytre_Utsira,2018-07-01,10,10.315,33.713,10.315,33.578
Ytre_Utsira,2018-07-01,20,8.063,34.466,8.063,34.331
Ytre_Utsira,2018-07-01,30,7.479,34.716,7.479,34.581
Ytre_Utsira,2018-07-01,50,7.275,34.912,7.275,34.777
Ytre_Utsira,2018-07-01,75,7.174,35.01,7.174,34.875
Ytre_Utsira,2018-07-01,100,7.104,35.081,7.104,34.946
Ytre_Utsira,2018-07-01,125,7.035,35.128,7.035,34.992
Ytre_Utsira,2018-07-01,150,6.959,35.144,6.959,35.009
Ytre_Utsira,2018-07-01,200,6.658,35.178,6.658,35.043
Ytre_Utsira,2018-07-01,250,6.419,35.225,6.419,35.09
Ytre_Utsira,2018-08-01,5,16.773,30.998,16.773,30.84
Ytre_Utsira,2018-08-01,10,16.614,31.882,16.614,31.725
Ytre_Utsira,2018-08-01,20,16.56,31.941,16.56,31.783
Ytre_Utsira,2018-08-01,30,13.685,32.769,13.685,32.612
Ytre_Utsira,2018-08-01,50,10.039,34.086,10.039,33.929
Ytre_Utsira,2018-08-01,75,7.687,34.788,7.687,34.631
Ytre_Utsira,2018-08-01,100,7.253,34.969,7.253,34.812
Ytre_Utsira,2018-08-01,125,7.106,35.08,7.106,34.922
Ytre_Utsira,2018-08-01,150,7.126,35.145,7.126,34.988
Ytre_Utsira,2018-08-01,200,6.987,35.18,6.987,35.022
Ytre_Utsira,2018-08-01,250,6.754,35.224,6.754,35.067
Ytre_Utsira,2018-08-01,250,6.483,35.258,6.483,35.101
Ytre_Utsira,2018-09-01,1,16.256,31.735,16.256,31.466
Ytre_Utsira,2018-09-01,5,16.394,31.75,16.394,31.481
Ytre_Utsira,2018-09-01,10,16.269,32.07,16.269,31.801
Ytre_Utsira,2018-09-01,20,15.471,33.374,15.471,33.105
Ytre_Utsira,2018-09-01,30,12.7,33.83,12.7,33.561
Ytre_Utsira,2018-09-01,50,8.71,34.59,8.71,34.321
Ytre_Utsira,2018-09-01,75,7.646,34.88,7.646,34.611
Ytre_Utsira,2018-09-01,100,7.218,35.07,7.218,34.801
Ytre_Utsira,2018-09-01,125,7.126,35.155,7.126,34.886
Ytre_Utsira,2018-09-01,150,7.015,35.185,7.015,34.916
Ytre_Utsira,2018-09-01,200,6.778,35.226,6.778,34.957
Ytre_Utsira,2018-09-01,250,6.324,35.3,6.324,35.031
Ytre_Utsira,2018-10-01,1,12.022,33.127,12.022,32.892
Ytre_Utsira,2018-10-01,5,12.13,33.185,12.13,32.951
Ytre_Utsira,2018-10-01,10,12.295,33.32,12.295,33.085
Ytre_Utsira,2018-10-01,20,12.294,33.414,12.294,33.18
Ytre_Utsira,2018-10-01,30,12.409,33.613,12.409,33.379
Ytre_Utsira,2018-10-01,50,11.997,34.347,11.997,34.112
Ytre_Utsira,2018-10-01,75,10.622,34.844,10.622,34.61
Ytre_Utsira,2018-10-01,100,8.963,34.933,8.963,34.698
Ytre_Utsira,2018-10-01,125,7.826,35.126,7.826,34.892
Ytre_Utsira,2018-10-01,150,7.145,35.208,7.145,34.973
Ytre_Utsira,2018-10-01,200,6.666,35.278,6.666,35.043
Ytre_Utsira,2018-10-01,250,6.299,35.353,6.299,35.118
Ytre_Utsira,2018-11-01,1,10.241,33.185,10.241,33.07
Ytre_Utsira,2018-11-01,5,10.212,33.177,10.212,33.062
Ytre_Utsira,2018-11-01,10,10.242,33.22,10.242,33.105
Ytre_Utsira,2018-11-01,20,10.557,33.39,10.557,33.275
Ytre_Utsira,2018-11-01,30,10.601,33.507,10.601,33.392
Ytre_Utsira,2018-11-01,50,10.718,33.726,10.718,33.611
Ytre_Utsira,2018-11-01,75,10.684,33.972,10.684,33.857
Ytre_Utsira,2018-11-01,100,10.775,34.51,10.775,34.395
Ytre_Utsira,2018-11-01,125,10.259,34.9,10.259,34.785
Ytre_Utsira,2018-11-01,150,9.647,35.053,9.647,34.938
Ytre_Utsira,2018-11-01,200,7.478,35.14,7.478,35.025
Ytre_Utsira,2018-11-01,250,6.469,35.222,6.469,35.107
Ytre_Utsira,2019-01-01,1,7.313,34.082,7.313,34.077
Ytre_Utsira,2019-01-01,5,7.328,34.098,7.328,34.092
Ytre_Utsira,2019-01-01,10,7.334,34.101,7.334,34.096
Ytre_Utsira,2019-01-01,20,7.387,34.12,7.387,34.115
Ytre_Utsira,2019-01-01,30,7.431,34.132,7.431,34.126
Ytre_Utsira,2019-01-01,50,7.759,34.27,7.759,34.264
Ytre_Utsira,2019-01-01,75,8.043,34.493,8.043,34.488
Ytre_Utsira,2019-01-01,100,8.42,34.75,8.42,34.744
Ytre_Utsira,2019-01-01,125,8.524,34.896,8.524,34.89
Ytre_Utsira,2019-01-01,150,8.548,34.996,8.548,34.991
Ytre_Utsira,2019-01-01,200,8.204,35.055,8.204,35.049
Ytre_Utsira,2019-01-01,250,7.876,35.091,7.876,35.085
Ytre_Utsira,2019-03-01,1,5.451,32.998,5.451,32.988
Ytre_Utsira,2019-03-01,5,5.45,33.002,5.45,32.992
Ytre_Utsira,2019-03-01,10,5.43,33.049,5.43,33.039
Ytre_Utsira,2019-03-01,20,5.465,33.13,5.465,33.12
Ytre_Utsira,2019-03-01,30,5.634,33.388,5.634,33.378
Ytre_Utsira,2019-03-01,50,6.842,34.266,6.842,34.256
Ytre_Utsira,2019-03-01,75,7.428,34.598,7.428,34.588
Ytre_Utsira,2019-03-01,100,7.914,34.838,7.914,34.828
Ytre_Utsira,2019-03-01,125,7.986,34.906,7.986,34.896
Ytre_Utsira,2019-03-01,150,7.998,34.955,7.998,34.945
Ytre_Utsira,2019-03-01,200,7.752,35.048,7.752,35.037
Ytre_Utsira,2019-03-01,250,7.208,35.097,7.208,35.086
Ytre_Utsira,2019-04-01,1,6.749,32.842,6.749,32.835
Ytre_Utsira,2019-04-01,5,6.571,32.909,6.571,32.902
Ytre_Utsira,2019-04-01,10,6.531,32.977,6.531,32.97
Ytre_Utsira,2019-04-01,20,6.328,33.147,6.328,33.14
Ytre_Utsira,2019-04-01,30,6.152,33.394,6.152,33.387
Ytre_Utsira,2019-04-01,50,6.357,33.802,6.357,33.795
Ytre_Utsira,2019-04-01,75,6.699,34.271,6.699,34.264
Ytre_Utsira,2019-04-01,100,7.138,34.661,7.138,34.654
Ytre_Utsira,2019-04-01,125,7.26,34.82,7.26,34.813
Ytre_Utsira,2019-04-01,150,7.513,34.922,7.513,34.915
Ytre_Utsira,2019-04-01,200,7.396,35.018,7.396,35.011
Ytre_Utsira,2019-04-01,250,7.123,35.083,7.123,35.076
Ytre_Utsira,2019-05-01,1,8.348,33.412,8.348,33.402
Ytre_Utsira,2019-05-01,5,8.224,33.438,8.224,33.428
Ytre_Utsira,2019-05-01,10,7.707,33.48,7.707,33.47
Ytre_Utsira,2019-05-01,20,7.31,33.647,7.31,33.636
Ytre_Utsira,2019-05-01,30,7.168,33.768,7.168,33.758
Ytre_Utsira,2019-05-01,50,7.03,34.434,7.03,34.424
Ytre_Utsira,2019-05-01,75,7.267,34.808,7.267,34.797
Ytre_Utsira,2019-05-01,100,7.514,34.977,7.514,34.966
Ytre_Utsira,2019-05-01,125,7.492,35.014,7.492,35.004
Ytre_Utsira,2019-05-01,150,7.482,35.057,7.482,35.046
Ytre_Utsira,2019-05-01,200,7.684,35.142,7.684,35.131
Ytre_Utsira,2019-05-01,250,7.373,35.135,7.373,35.125
Ytre_Utsira,2019-06-01,1,12.316,30.581,12.316,30.581
Ytre_Utsira,2019-06-01,5,12.122,30.857,12.122,30.857
Ytre_Utsira,2019-06-01,10,11.583,31.736,11.583,31.736
Ytre_Utsira,2019-06-01,20,10.138,32.387,10.138,32.387
Ytre_Utsira,2019-06-01,30,9.103,33.109,9.103,33.109
Ytre_Utsira,2019-06-01,50,7.266,34.242,7.266,34.242
Ytre_Utsira,2019-06-01,75,7.031,34.638,7.031,34.638
Ytre_Utsira,2019-06-01,100,7.157,34.81,7.157,34.81
Ytre_Utsira,2019-06-01,125,7.312,34.909,7.312,34.909
Ytre_Utsira,2019-06-01,150,7.28,34.938,7.28,34.938
Ytre_Utsira,2019-06-01,200,7.331,35.021,7.331,35.021
Ytre_Utsira,2019-06-01,250,7.2,35.082,7.2,35.082
Ytre_Utsira,2019-07-01,1,14.546,31.427,14.546,31.427
Ytre_Utsira,2019-07-01,5,14.185,31.513,14.185,31.513
Ytre_Utsira,2019-07-01,10,12.412,32.488,12.412,32.488
Ytre_Utsira,2019-07-01,20,10.35,34.005,10.35,34.005
Ytre_Utsira,2019-07-01,30,8.745,34.287,8.745,34.287
Ytre_Utsira,2019-07-01,50,8.033,34.475,8.033,34.475
Ytre_Utsira,2019-07-01,75,7.458,34.675,7.458,34.675
Ytre_Utsira,2019-07-01,100,7.341,34.797,7.341,34.797
Ytre_Utsira,2019-07-01,125,7.284,34.857,7.284,34.857
Ytre_Utsira,2019-07-01,150,7.168,34.884,7.168,34.884
Ytre_Utsira,2019-07-01,200,7.135,34.971,7.135,34.971
Ytre_Utsira,2019-07-01,250,7.126,35.072,7.126,35.072
Ytre_Utsira,2019-08-01,1,17.041,30.9,17.041,30.9
Ytre_Utsira,2019-08-01,5,16.914,31.206,16.914,31.206
Ytre_Utsira,2019-08-01,10,16.854,31.224,16.854,31.224
Ytre_Utsira,2019-08-01,20,15.079,32.221,15.079,32.221
Ytre_Utsira,2019-08-01,30,12.627,33.414,12.627,33.414
Ytre_Utsira,2019-08-01,50,9.3,34.398,9.3,34.398
Ytre_Utsira,2019-08-01,75,7.845,34.672,7.845,34.672
Ytre_Utsira,2019-08-01,100,7.286,34.774,7.286,34.774
Ytre_Utsira,2019-08-01,125,7.221,34.872,7.221,34.872
Ytre_Utsira,2019-08-01,150,7.27,34.936,7.27,34.936
Ytre_Utsira,2019-08-01,200,7.702,35.06,7.702,35.06
Ytre_Utsira,2019-08-01,250,7.326,35.089,7.326,35.089
Ytre_Utsira,2019-09-01,1,14.724,31.532,14.724,31.532
Ytre_Utsira,2019-09-01,5,14.83,32.067,14.83,32.067
Ytre_Utsira,2019-09-01,10,14.822,32.494,14.822,32.494
Ytre_Utsira,2019-09-01,20,14.964,33.474,14.964,33.474
Ytre_Utsira,2019-09-01,30,13.776,34.218,13.776,34.218
Ytre_Utsira,2019-09-01,50,10.461,34.617,10.461,34.617
Ytre_Utsira,2019-09-01,75,8.624,34.761,8.624,34.761
Ytre_Utsira,2019-09-01,100,8.05,34.856,8.05,34.856
Ytre_Utsira,2019-09-01,125,7.476,34.894,7.476,34.894
Ytre_Utsira,2019-09-01,150,7.282,34.925,7.282,34.925
Ytre_Utsira,2019-09-01,200,7.218,34.983,7.218,34.983
Ytre_Utsira,2019-09-01,250,7.258,35.075,7.258,35.075
Ytre_Utsira,2019-10-01,1,12.856,32.328,12.856,32.328
Ytre_Utsira,2019-10-01,5,13.09,32.688,13.09,32.688
Ytre_Utsira,2019-10-01,10,13.068,32.75,13.068,32.75
Ytre_Utsira,2019-10-01,20,13.135,32.842,13.135,32.842
Ytre_Utsira,2019-10-01,30,13.036,32.912,13.036,32.912
Ytre_Utsira,2019-10-01,50,13.05,33.463,13.05,33.463
Ytre_Utsira,2019-10-01,75,11.72,34.214,11.72,34.214
Ytre_Utsira,2019-10-01,100,10.146,34.848,10.146,34.848
Ytre_Utsira,2019-10-01,125,8.116,34.897,8.116,34.897
Ytre_Utsira,2019-10-01,150,7.833,34.928,7.833,34.928
Ytre_Utsira,2019-10-01,200,7.366,35.01,7.366,35.01
Ytre_Utsira,2019-10-01,250,7.299,35.095,7.299,35.095
Ytre_Utsira,2019-11-01,1,10.492,32.673,10.492,32.673
Ytre_Utsira,2019-11-01,10,10.533,32.738,10.533,32.738
Ytre_Utsira,2019-11-01,20,10.771,32.993,10.771,32.993
Ytre_Utsira,2019-11-01,30,11.51,33.416,11.51,33.416
Ytre_Utsira,2019-11-01,50,12.112,34.016,12.112,34.016
Ytre_Utsira,2019-11-01,75,11.924,34.47,11.924,34.47
Ytre_Utsira,2019-11-01,75,13.137,34.542,13.137,34.542
Ytre_Utsira,2019-11-01,100,12.973,34.625,12.973,34.625
Ytre_Utsira,2019-11-01,125,11.495,34.697,11.495,34.697
Ytre_Utsira,2019-11-01,150,10.173,34.786,10.173,34.786
Ytre_Utsira,2019-11-01,200,7.917,34.995,7.917,34.995
Ytre_Utsira,2019-11-01,250,7.37,35.085,7.37,35.085
Ytre_Utsira,2019-12-01,1,8.906,33.715,8.906,33.715
Ytre_Utsira,2019-12-01,5,8.917,33.707,8.917,33.707
Ytre_Utsira,2019-12-01,10,8.931,33.713,8.931,33.713
Ytre_Utsira,2019-12-01,20,9.013,33.775,9.013,33.775
Ytre_Utsira,2019-12-01,30,9.018,33.78,9.018,33.78
Ytre_Utsira,2019-12-01,50,9.075,33.827,9.075,33.827
Ytre_Utsira,2019-12-01,75,9.14,33.991,9.14,33.991
Ytre_Utsira,2019-12-01,100,9.265,34.426,9.265,34.426
Ytre_Utsira,2019-12-01,125,9.273,34.714,9.273,34.714
Ytre_Utsira,2019-12-01,150,8.728,35.008,8.728,35.008
Ytre_Utsira,2019-12-01,200,8.196,35.077,8.196,35.077
Ytre_Utsira,2019-12-01,250,7.914,35.113,7.914,35.113
Ytre_Utsira,2020-01-01,1,7.391,32.723,7.391,32.723
Ytre_Utsira,2020-01-01,5,7.395,32.728,7.395,32.728
Ytre_Utsira,2020-01-01,10,7.421,32.748,7.421,32.748
Ytre_Utsira,2020-01-01,20,7.629,33.3,7.629,33.3
Ytre_Utsira,2020-01-01,30,7.857,33.643,7.857,33.643
Ytre_Utsira,2020-01-01,50,7.93,33.699,7.93,33.699
Ytre_Utsira,2020-01-01,75,8.668,34.127,8.668,34.127
Ytre_Utsira,2020-01-01,100,9.051,34.482,9.051,34.482
Ytre_Utsira,2020-01-01,125,8.708,34.837,8.708,34.837
Ytre_Utsira,2020-01-01,150,8.555,34.926,8.555,34.926
Ytre_Utsira,2020-01-01,200,8.3,35.068,8.3,35.068
Ytre_Utsira,2020-01-01,250,7.844,35.113,7.844,35.113
Ytre_Utsira,2020-02-01,1,6.95,33.233,6.95,33.233
Ytre_Utsira,2020-02-01,5,6.948,33.228,6.948,33.228
Ytre_Utsira,2020-02-01,10,6.979,33.25,6.979,33.25
Ytre_Utsira,2020-02-01,20,6.982,33.274,6.982,33.274
Ytre_Utsira,2020-02-01,30,7.155,33.428,7.155,33.428
Ytre_Utsira,2020-02-01,50,7.844,33.988,7.844,33.988
Ytre_Utsira,2020-02-01,75,8.288,34.381,8.288,34.381
Ytre_Utsira,2020-02-01,100,8.176,34.642,8.176,34.642
Ytre_Utsira,2020-02-01,125,8.215,34.816,8.215,34.816
Ytre_Utsira,2020-02-01,150,8.27,34.936,8.27,34.936
Ytre_Utsira,2020-02-01,200,8.081,35.054,8.081,35.054
Ytre_Utsira,2020-02-01,250,7.843,35.102,7.843,35.102
Ytre_Utsira,2020-03-01,1,6.219,33.454,6.219,33.454
Ytre_Utsira,2020-03-01,5,6.214,33.434,6.214,33.434
Ytre_Utsira,2020-03-01,10,6.213,33.441,6.213,33.441
Ytre_Utsira,2020-03-01,20,6.229,33.48,6.229,33.48
Ytre_Utsira,2020-03-01,30,6.244,33.505,6.244,33.505
Ytre_Utsira,2020-03-01,50,6.5,33.735,6.5,33.735
Ytre_Utsira,2020-03-01,75,6.881,34.125,6.881,34.125
Ytre_Utsira,2020-03-01,100,7.237,34.456,7.237,34.456
Ytre_Utsira,2020-03-01,125,7.354,34.587,7.354,34.587
Ytre_Utsira,2020-03-01,150,7.586,34.699,7.586,34.699
Ytre_Utsira,2020-03-01,200,7.789,34.891,7.789,34.891
Ytre_Utsira,2020-03-01,250,7.839,35.061,7.839,35.061
Ytre_Utsira,2020-04-01,1,7.311,32.902,7.311,32.902
Ytre_Utsira,2020-04-01,5,7.172,33.099,7.172,33.099
Ytre_Utsira,2020-04-01,10,6.854,33.273,6.854,33.273
Ytre_Utsira,2020-04-01,20,6.831,33.41,6.831,33.41
Ytre_Utsira,2020-04-01,30,6.422,33.522,6.422,33.522
Ytre_Utsira,2020-04-01,50,6.85,34.26,6.85,34.26
Ytre_Utsira,2020-04-01,75,7.036,34.504,7.036,34.504
Ytre_Utsira,2020-04-01,100,7.171,34.66,7.171,34.66
Ytre_Utsira,2020-04-01,125,7.298,34.819,7.298,34.819
Ytre_Utsira,2020-04-01,150,7.427,34.938,7.427,34.938
Ytre_Utsira,2020-04-01,200,7.538,35.089,7.538,35.089
Ytre_Utsira,2020-04-01,250,7.482,35.133,7.482,35.133
Ytre_Utsira,2020-05-01,1,8.799,33.259,8.799,33.259
Ytre_Utsira,2020-05-01,5,8.343,33.245,8.343,33.245
Ytre_Utsira,2020-05-01,10,8.268,33.248,8.268,33.248
Ytre_Utsira,2020-05-01,20,7.959,33.306,7.959,33.306
Ytre_Utsira,2020-05-01,30,7.264,33.567,7.264,33.567
Ytre_Utsira,2020-05-01,50,6.959,34.241,6.959,34.241
Ytre_Utsira,2020-05-01,75,6.909,34.513,6.909,34.513
Ytre_Utsira,2020-05-01,100,7.089,34.735,7.089,34.735
Ytre_Utsira,2020-05-01,125,7.351,34.911,7.351,34.911
Ytre_Utsira,2020-05-01,150,7.441,34.973,7.441,34.973
Ytre_Utsira,2020-05-01,200,7.568,35.123,7.568,35.123
Ytre_Utsira,2020-05-01,250,7.519,35.164,7.519,35.164
Ytre_Utsira,2020-06-01,1,14.402,30.653,14.402,30.653
Ytre_Utsira,2020-06-01,5,13.667,30.925,13.667,30.925
Ytre_Utsira,2020-06-01,10,12.404,31.498,12.404,31.498
Ytre_Utsira,2020-06-01,20,10.955,32.212,10.955,32.212
Ytre_Utsira,2020-06-01,30,8.934,33.014,8.934,33.014
Ytre_Utsira,2020-06-01,50,7.572,34.09,7.572,34.09
Ytre_Utsira,2020-06-01,75,7.078,34.5,7.078,34.5
Ytre_Utsira,2020-06-01,100,7.085,34.746,7.085,34.746
Ytre_Utsira,2020-06-01,125,7.312,34.911,7.312,34.911
Ytre_Utsira,2020-06-01,150,7.453,35.015,7.453,35.015
Ytre_Utsira,2020-06-01,200,7.547,35.124,7.547,35.124
Ytre_Utsira,2020-06-01,250,7.457,35.169,7.457,35.169
Ytre_Utsira,2020-07-01,1,15.458,29.944,15.458,29.944
Ytre_Utsira,2020-07-01,5,15.459,30.093,15.459,30.093
Ytre_Utsira,2020-07-01,10,13.978,32.761,13.978,32.761
Ytre_Utsira,2020-07-01,20,13.254,33.272,13.254,33.272
Ytre_Utsira,2020-07-01,30,11.271,34.149,11.271,34.149
Ytre_Utsira,2020-07-01,50,10.147,34.478,10.147,34.478
Ytre_Utsira,2020-07-01,75,8.411,34.767,8.411,34.767
Ytre_Utsira,2020-07-01,100,7.613,34.864,7.613,34.864
Ytre_Utsira,2020-07-01,125,7.589,34.892,7.589,34.892
Ytre_Utsira,2020-07-01,150,7.508,34.936,7.508,34.936
Ytre_Utsira,2020-07-01,200,7.423,35.031,7.423,35.031
Ytre_Utsira,2020-07-01,250,7.375,35.112,7.375,35.112
Ytre_Utsira,2020-08-01,1,16.946,31.118,16.946,31.118
Ytre_Utsira,2020-08-01,5,16.806,31.24,16.806,31.24
Ytre_Utsira,2020-08-01,10,16.48,31.29,16.48,31.29
Ytre_Utsira,2020-08-01,20,15.974,31.831,15.974,31.831
Ytre_Utsira,2020-08-01,30,14.233,33.134,14.233,33.134
Ytre_Utsira,2020-08-01,50,11.754,34.287,11.754,34.287
Ytre_Utsira,2020-08-01,75,9.35,34.759,9.35,34.759
Ytre_Utsira,2020-08-01,100,8.288,34.862,8.288,34.862
Ytre_Utsira,2020-08-01,125,7.521,34.926,7.521,34.926
Ytre_Utsira,2020-08-01,150,7.397,35.014,7.397,35.014
Ytre_Utsira,2020-08-01,200,7.422,35.111,7.422,35.111
Ytre_Utsira,2020-08-01,250,7.42,35.164,7.42,35.164
Ytre_Utsira,2020-09-01,1,15.142,31.558,15.142,31.558
Ytre_Utsira,2020-09-01,5,15.277,31.764,15.277,31.764
Ytre_Utsira,2020-09-01,10,15.327,31.935,15.327,31.935
Ytre_Utsira,2020-09-01,20,15.192,32.671,15.192,32.671
Ytre_Utsira,2020-09-01,30,13.228,34.018,13.228,34.018
Ytre_Utsira,2020-09-01,50,11.806,34.566,11.806,34.566
Ytre_Utsira,2020-09-01,75,10.143,34.818,10.143,34.818
Ytre_Utsira,2020-09-01,100,8.586,34.931,8.586,34.931
Ytre_Utsira,2020-09-01,125,8.025,34.976,8.025,34.976
Ytre_Utsira,2020-09-01,150,7.798,34.997,7.798,34.997
Ytre_Utsira,2020-09-01,200,7.533,35.072,7.533,35.072
Ytre_Utsira,2020-09-01,250,7.485,35.11,7.485,35.11
Ytre_Utsira,2020-10-01,1,13.419,31.998,13.419,31.998
Ytre_Utsira,2020-10-01,5,13.458,32.14,13.458,32.14
Ytre_Utsira,2020-10-01,10,13.52,32.238,13.52,32.238
Ytre_Utsira,2020-10-01,20,13.73,32.946,13.73,32.946
Ytre_Utsira,2020-10-01,30,13.111,33.719,13.111,33.719
Ytre_Utsira,2020-10-01,50,11.856,34.027,11.856,34.027
Ytre_Utsira,2020-10-01,75,10.656,34.79,10.656,34.79
Ytre_Utsira,2020-10-01,100,8.648,34.95,8.648,34.95
Ytre_Utsira,2020-10-01,125,8.084,35.035,8.084,35.035
Ytre_Utsira,2020-10-01,150,7.765,35.07,7.765,35.07
Ytre_Utsira,2020-10-01,200,7.556,35.122,7.556,35.122
Ytre_Utsira,2020-10-01,250,7.521,35.148,7.521,35.148
Ytre_Utsira,2020-11-01,1,11.505,32.292,11.505,32.292
Ytre_Utsira,2020-11-01,5,11.529,32.307,11.529,32.307
Ytre_Utsira,2020-11-01,10,11.623,32.536,11.623,32.536
Ytre_Utsira,2020-11-01,20,11.953,33.022,11.953,33.022
Ytre_Utsira,2020-11-01,30,12.531,33.906,12.531,33.906
Ytre_Utsira,2020-11-01,50,12.163,34.395,12.163,34.395
Ytre_Utsira,2020-11-01,75,11.487,34.695,11.487,34.695
Ytre_Utsira,2020-11-01,100,9.065,34.98,9.065,34.98
Ytre_Utsira,2020-11-01,125,8.07,35.028,8.07,35.028
Ytre_Utsira,2020-11-01,150,7.808,35.06,7.808,35.06
Ytre_Utsira,2020-11-01,200,7.664,35.124,7.664,35.124
Ytre_Utsira,2020-11-01,250,7.524,35.158,7.524,35.158
Ytre_Utsira,2020-12-01,1,9.566,32.661,9.566,32.661
Ytre_Utsira,2020-12-01,5,9.662,32.743,9.662,32.743
Ytre_Utsira,2020-12-01,10,9.929,32.974,9.929,32.974
Ytre_Utsira,2020-12-01,20,10.246,33.22,10.246,33.22
Ytre_Utsira,2020-12-01,30,10.332,33.327,10.332,33.327
Ytre_Utsira,2020-12-01,50,10.85,33.603,10.85,33.603
Ytre_Utsira,2020-12-01,75,10.953,34.025,10.953,34.025
Ytre_Utsira,2020-12-01,100,10.824,34.316,10.824,34.316
Ytre_Utsira,2020-12-01,125,10.514,34.756,10.514,34.756
Ytre_Utsira,2020-12-01,150,9.613,35.021,9.613,35.021
Ytre_Utsira,2020-12-01,200,8.026,35.127,8.026,35.127
Ytre_Utsira,2020-12-01,250,7.71,35.157,7.71,35.157
Ytre_Utsira,2021-01-01,1,5.652,30.583,5.652,30.583
Ytre_Utsira,2021-01-01,5,5.705,30.615,5.705,30.615
Ytre_Utsira,2021-01-01,10,6.232,30.953,6.232,30.953
Ytre_Utsira,2021-01-01,20,6.841,31.435,6.841,31.435
Ytre_Utsira,2021-01-01,30,7.472,32.163,7.472,32.163
Ytre_Utsira,2021-01-01,50,8.676,33.615,8.676,33.615
Ytre_Utsira,2021-01-01,75,9.34,34.357,9.34,34.357
Ytre_Utsira,2021-01-01,100,9.308,34.799,9.308,34.799
Ytre_Utsira,2021-01-01,125,9.058,34.951,9.058,34.951
Ytre_Utsira,2021-01-01,150,8.932,35.031,8.932,35.031
Ytre_Utsira,2021-01-01,200,8.396,35.128,8.396,35.128
Ytre_Utsira,2021-01-01,250,7.955,35.138,7.955,35.138
Ytre_Utsira,2021-02-01,1,4.822,32.361,4.822,32.361
Ytre_Utsira,2021-02-01,5,4.914,32.446,4.914,32.446
Ytre_Utsira,2021-02-01,10,5.079,32.598,5.079,32.598
Ytre_Utsira,2021-02-01,20,5.501,32.839,5.501,32.839
Ytre_Utsira,2021-02-01,30,6.75,33.548,6.75,33.548
Ytre_Utsira,2021-02-01,50,7.504,34.045,7.504,34.045
Ytre_Utsira,2021-02-01,75,7.727,34.265,7.727,34.265
Ytre_Utsira,2021-02-01,100,8.467,34.567,8.467,34.567
Ytre_Utsira,2021-02-01,125,8.735,34.806,8.735,34.806
Ytre_Utsira,2021-02-01,150,8.605,34.94,8.605,34.94
Ytre_Utsira,2021-02-01,200,8.368,35.139,8.368,35.139
Ytre_Utsira,2021-02-01,250,7.682,35.146,7.682,35.146
Ytre_Utsira,2021-03-01,1,5.937,33.32,5.937,33.32
Ytre_Utsira,2021-03-01,5,6.056,33.442,6.056,33.442
Ytre_Utsira,2021-03-01,10,6.086,33.491,6.086,33.491
Ytre_Utsira,2021-03-01,20,6.121,33.58,6.121,33.58
Ytre_Utsira,2021-03-01,30,6.207,33.696,6.207,33.696
Ytre_Utsira,2021-03-01,50,7.18,34.37,7.18,34.37
Ytre_Utsira,2021-03-01,75,7.707,34.726,7.707,34.726
Ytre_Utsira,2021-03-01,100,8.261,34.972,8.261,34.972
Ytre_Utsira,2021-03-01,125,8.195,35.048,8.195,35.048
Ytre_Utsira,2021-03-01,150,7.903,35.065,7.903,35.065
Ytre_Utsira,2021-03-01,200,7.561,35.113,7.561,35.113
Ytre_Utsira,2021-03-01,250,7.221,35.15,7.221,35.15
Ytre_Utsira,2021-04-01,1,7.458,33.884,7.458,33.884
Ytre_Utsira,2021-04-01,5,6.994,33.997,6.994,33.997
Ytre_Utsira,2021-04-01,10,6.714,34.048,6.714,34.048
Ytre_Utsira,2021-04-01,20,6.772,34.103,6.772,34.103
Ytre_Utsira,2021-04-01,30,6.892,34.166,6.892,34.166
Ytre_Utsira,2021-04-01,50,7.249,34.422,7.249,34.422
Ytre_Utsira,2021-04-01,75,7.867,34.921,7.867,34.921
Ytre_Utsira,2021-04-01,100,7.873,35.02,7.873,35.02
Ytre_Utsira,2021-04-01,125,7.834,35.06,7.834,35.06
Ytre_Utsira,2021-04-01,150,7.802,35.082,7.802,35.082
Ytre_Utsira,2021-04-01,200,7.624,35.156,7.624,35.156
Ytre_Utsira,2021-04-01,250,7.254,35.148,7.254,35.148
Ytre_Utsira,2021-06-01,1,13.219,30.022,13.219,30.022
Ytre_Utsira,2021-06-01,5,12.978,30.253,12.978,30.253
Ytre_Utsira,2021-06-01,10,12.51,30.392,12.51,30.392
Ytre_Utsira,2021-06-01,20,9.698,31.644,9.698,31.644
Ytre_Utsira,2021-06-01,30,7.594,32.881,7.594,32.881
Ytre_Utsira,2021-06-01,50,6.441,34.068,6.441,34.068
Ytre_Utsira,2021-06-01,75,6.793,34.668,6.793,34.668
Ytre_Utsira,2021-06-01,100,7.146,34.892,7.146,34.892
Ytre_Utsira,2021-06-01,125,7.255,34.986,7.255,34.986
Ytre_Utsira,2021-06-01,150,7.378,35.055,7.378,35.055
Ytre_Utsira,2021-06-01,200,7.3,35.139,7.3,35.139
Ytre_Utsira,2021-06-01,250,7.109,35.16,7.109,35.16
Ytre_Utsira,2021-07-01,1,15.275,31.256,15.275,31.256
Ytre_Utsira,2021-07-01,5,14.499,31.724,14.499,31.724
Ytre_Utsira,2021-07-01,10,13.982,32.088,13.982,32.088
Ytre_Utsira,2021-07-01,20,11.351,33.163,11.351,33.163
Ytre_Utsira,2021-07-01,30,9.254,33.935,9.254,33.935
Ytre_Utsira,2021-07-01,50,7.802,34.413,7.802,34.413
Ytre_Utsira,2021-07-01,75,7.217,34.626,7.217,34.626
Ytre_Utsira,2021-07-01,100,7.113,34.808,7.113,34.808
Ytre_Utsira,2021-07-01,125,7.12,34.943,7.12,34.943
Ytre_Utsira,2021-07-01,150,7.141,34.996,7.141,34.996
Ytre_Utsira,2021-07-01,200,7.098,35.075,7.098,35.075
Ytre_Utsira,2021-07-01,250,7.056,35.129,7.056,35.129
Ytre_Utsira,2021-08-01,1,16.039,30.409,16.039,30.409
Ytre_Utsira,2021-08-01,5,15.728,30.527,15.728,30.527
Ytre_Utsira,2021-08-01,10,15.33,31.449,15.33,31.449
Ytre_Utsira,2021-08-01,20,13.105,33.081,13.105,33.081
Ytre_Utsira,2021-08-01,30,10.726,34.13,10.726,34.13
Ytre_Utsira,2021-08-01,50,8.626,34.534,8.626,34.534
Ytre_Utsira,2021-08-01,75,8.114,34.748,8.114,34.748
Ytre_Utsira,2021-08-01,100,7.494,34.892,7.494,34.892
Ytre_Utsira,2021-08-01,125,7.26,34.959,7.26,34.959
Ytre_Utsira,2021-08-01,150,7.154,35.002,7.154,35.002
Ytre_Utsira,2021-08-01,200,7.053,35.063,7.053,35.063
Ytre_Utsira,2021-08-01,250,7.003,35.113,7.003,35.113
Ytre_Utsira,2021-09-01,1,15.097,32.092,15.097,32.092
Ytre_Utsira,2021-09-01,5,15.105,32.103,15.105,32.103
Ytre_Utsira,2021-09-01,10,15.044,32.21,15.044,32.21
Ytre_Utsira,2021-09-01,20,14.195,32.716,14.195,32.716
Ytre_Utsira,2021-09-01,30,12.975,33.286,12.975,33.286
Ytre_Utsira,2021-09-01,50,10.323,34.284,10.323,34.284
Ytre_Utsira,2021-09-01,75,8.308,34.737,8.308,34.737
Ytre_Utsira,2021-09-01,100,7.674,34.899,7.674,34.899
Ytre_Utsira,2021-09-01,125,7.41,34.965,7.41,34.965
Ytre_Utsira,2021-09-01,150,7.234,35.022,7.234,35.022
Ytre_Utsira,2021-09-01,200,7.069,35.085,7.069,35.085
Ytre_Utsira,2021-09-01,250,7.014,35.131,7.014,35.131
Ytre_Utsira,2021-10-01,1,13.253,30.489,13.253,30.489
Ytre_Utsira,2021-10-01,5,13.309,30.616,13.309,30.616
Ytre_Utsira,2021-10-01,10,13.355,30.837,13.355,30.837
Ytre_Utsira,2021-10-01,20,13.546,31.805,13.546,31.805
Ytre_Utsira,2021-10-01,30,13.334,32.464,13.334,32.464
Ytre_Utsira,2021-10-01,50,12.665,33.32,12.665,33.32
Ytre_Utsira,2021-10-01,75,9.057,34.626,9.057,34.626
Ytre_Utsira,2021-10-01,100,7.84,34.903,7.84,34.903
Ytre_Utsira,2021-10-01,125,7.553,34.973,7.553,34.973
Ytre_Utsira,2021-10-01,150,7.347,35.027,7.347,35.027
Ytre_Utsira,2021-10-01,200,7.197,35.069,7.197,35.069
Ytre_Utsira,2021-10-01,250,7.103,35.112,7.103,35.112
Ytre_Utsira,2021-11-01,1,10.786,32.101,10.786,32.101
Ytre_Utsira,2021-11-01,5,11.166,32.551,11.166,32.551
Ytre_Utsira,2021-11-01,10,11.326,32.761,11.326,32.761
Ytre_Utsira,2021-11-01,20,11.665,33.139,11.665,33.139
Ytre_Utsira,2021-11-01,30,11.667,33.422,11.667,33.422
Ytre_Utsira,2021-11-01,50,11.876,33.958,11.876,33.958
Ytre_Utsira,2021-11-01,75,10.763,34.479,10.763,34.479
Ytre_Utsira,2021-11-01,100,9.511,34.726,9.511,34.726
Ytre_Utsira,2021-11-01,125,8.67,34.958,8.67,34.958
Ytre_Utsira,2021-11-01,150,8.23,35.089,8.23,35.089
Ytre_Utsira,2021-11-01,200,7.311,35.099,7.311,35.099
Ytre_Utsira,2021-11-01,250,7.133,35.13,7.133,35.13
Ytre_Utsira,2021-12-01,1,8.868,33.386,8.868,33.386
Ytre_Utsira,2021-12-01,5,8.886,33.398,8.886,33.398
Ytre_Utsira,2021-12-01,10,8.88,33.405,8.88,33.405
Ytre_Utsira,2021-12-01,20,8.897,33.496,8.897,33.496
Ytre_Utsira,2021-12-01,30,8.826,33.558,8.826,33.558
Ytre_Utsira,2021-12-01,50,9.162,33.798,9.162,33.798
Ytre_Utsira,2021-12-01,75,9.397,34.144,9.397,34.144
Ytre_Utsira,2021-12-01,100,9.228,34.39,9.228,34.39
Ytre_Utsira,2021-12-01,125,8.649,34.7,8.649,34.7
Ytre_Utsira,2021-12-01,150,8.441,34.946,8.441,34.946
Ytre_Utsira,2021-12-01,200,7.78,35.1,7.78,35.1
Ytre_Utsira,2021-12-01,250,7.353,35.127,7.353,35.127
Ytre_Utsira,2022-01-01,1,6.563,32.433,6.563,32.433
Ytre_Utsira,2022-01-01,5,6.669,32.507,6.669,32.507
Ytre_Utsira,2022-01-01,10,6.649,32.528,6.649,32.528
Ytre_Utsira,2022-01-01,20,6.654,32.552,6.654,32.552
Ytre_Utsira,2022-01-01,30,6.947,32.782,6.947,32.782
Ytre_Utsira,2022-01-01,50,7.738,33.722,7.738,33.722
Ytre_Utsira,2022-01-01,75,8.255,34.313,8.255,34.313
Ytre_Utsira,2022-01-01,100,8.384,34.681,8.384,34.681
Ytre_Utsira,2022-01-01,125,8.3,34.882,8.3,34.882
Ytre_Utsira,2022-01-01,150,8.084,35.002,8.084,35.002
Ytre_Utsira,2022-01-01,200,7.507,35.112,7.507,35.112
Ytre_Utsira,2022-01-01,250,7.394,35.127,7.394,35.127
Ytre_Utsira,2022-02-01,1,6.874,33.72,6.874,33.72
Ytre_Utsira,2022-02-01,5,6.9,33.738,6.9,33.738
Ytre_Utsira,2022-02-01,10,6.916,33.755,6.916,33.755
Ytre_Utsira,2022-02-01,20,6.994,33.847,6.994,33.847
Ytre_Utsira,2022-02-01,30,7.042,33.903,7.042,33.903
Ytre_Utsira,2022-02-01,50,7.149,33.994,7.149,33.994
Ytre_Utsira,2022-02-01,75,7.906,34.626,7.906,34.626
Ytre_Utsira,2022-02-01,100,7.91,34.799,7.91,34.799
Ytre_Utsira,2022-02-01,125,7.928,34.903,7.928,34.903
Ytre_Utsira,2022-02-01,150,7.913,34.971,7.913,34.971
Ytre_Utsira,2022-02-01,200,7.752,35.052,7.752,35.052
Ytre_Utsira,2022-02-01,250,7.534,35.109,7.534,35.109
Ytre_Utsira,2022-03-01,1,5.692,32.236,5.692,32.236
Ytre_Utsira,2022-03-01,5,5.742,32.354,5.742,32.354
Ytre_Utsira,2022-03-01,10,5.788,32.726,5.788,32.726
Ytre_Utsira,2022-03-01,20,5.886,33.618,5.886,33.618
Ytre_Utsira,2022-03-01,30,5.958,33.83,5.958,33.83
Ytre_Utsira,2022-03-01,50,6.156,34.02,6.156,34.02
Ytre_Utsira,2022-03-01,75,6.439,34.218,6.439,34.218
Ytre_Utsira,2022-03-01,100,6.772,34.389,6.772,34.389
Ytre_Utsira,2022-03-01,125,7.217,34.636,7.217,34.636
Ytre_Utsira,2022-03-01,150,7.4,34.795,7.4,34.795
Ytre_Utsira,2022-03-01,200,7.616,35.012,7.616,35.012
Ytre_Utsira,2022-03-01,250,7.514,35.125,7.514,35.125
Ytre_Utsira,2022-04-01,1,6.087,32.444,6.087,32.444
Ytre_Utsira,2022-04-01,5,6.126,32.506,6.126,32.506
Ytre_Utsira,2022-04-01,10,6.224,32.668,6.224,32.668
Ytre_Utsira,2022-04-01,20,6.29,32.932,6.29,32.932
Ytre_Utsira,2022-04-01,30,5.937,33.44,5.937,33.44
Ytre_Utsira,2022-04-01,50,6.041,33.986,6.041,33.986
Ytre_Utsira,2022-04-01,75,6.531,34.4,6.531,34.4
Ytre_Utsira,2022-04-01,100,6.957,34.708,6.957,34.708
Ytre_Utsira,2022-04-01,125,7.21,34.873,7.21,34.873
Ytre_Utsira,2022-04-01,150,7.363,34.982,7.363,34.982
Ytre_Utsira,2022-04-01,200,7.416,35.072,7.416,35.072
Ytre_Utsira,2022-04-01,250,7.358,35.132,7.358,35.132
Ytre_Utsira,2022-05-01,1,9.525,30.76,9.525,30.76
Ytre_Utsira,2022-05-01,5,9.423,30.762,9.423,30.762
Ytre_Utsira,2022-05-01,10,9.293,31.016,9.293,31.016
Ytre_Utsira,2022-05-01,20,8.266,32.212,8.266,32.212
Ytre_Utsira,2022-05-01,30,6.352,33.352,6.352,33.352
Ytre_Utsira,2022-05-01,50,6.344,34.248,6.344,34.248
Ytre_Utsira,2022-05-01,75,6.675,34.632,6.675,34.632
Ytre_Utsira,2022-05-01,100,7.002,34.812,7.002,34.812
Ytre_Utsira,2022-05-01,125,7.218,34.929,7.218,34.929
Ytre_Utsira,2022-05-01,150,7.329,35.019,7.329,35.019
Ytre_Utsira,2022-05-01,200,7.344,35.147,7.344,35.147
Ytre_Utsira,2022-05-01,250,7.221,35.191,7.221,35.191
Ytre_Utsira,2022-06-01,1,13.186,31.05,13.186,31.05
Ytre_Utsira,2022-06-01,5,12.954,31.168,12.954,31.168
Ytre_Utsira,2022-06-01,10,12.626,31.321,12.626,31.321
Ytre_Utsira,2022-06-01,20,9.665,32.779,9.665,32.779
Ytre_Utsira,2022-06-01,30,8.177,33.568,8.177,33.568
Ytre_Utsira,2022-06-01,50,7.155,34.304,7.155,34.304
Ytre_Utsira,2022-06-01,75,6.954,34.597,6.954,34.597
Ytre_Utsira,2022-06-01,100,6.879,34.748,6.879,34.748
Ytre_Utsira,2022-06-01,125,7.126,34.88,7.126,34.88
Ytre_Utsira,2022-06-01,150,7.211,34.952,7.211,34.952
Ytre_Utsira,2022-06-01,200,7.284,35.064,7.284,35.064
Ytre_Utsira,2022-06-01,250,7.246,35.132,7.246,35.132
Ytre_Utsira,2022-07-01,1,14.285,31.419,14.285,31.419
Ytre_Utsira,2022-07-01,5,14.01,31.654,14.01,31.654
Ytre_Utsira,2022-07-01,10,13.327,32.057,13.327,32.057
Ytre_Utsira,2022-07-01,20,11.203,33.366,11.203,33.366
Ytre_Utsira,2022-07-01,30,9.819,33.972,9.819,33.972
Ytre_Utsira,2022-07-01,50,8.533,34.398,8.533,34.398
Ytre_Utsira,2022-07-01,75,7.403,34.658,7.403,34.658
Ytre_Utsira,2022-07-01,100,7.15,34.797,7.15,34.797
Ytre_Utsira,2022-07-01,125,7.095,34.876,7.095,34.876
Ytre_Utsira,2022-07-01,150,7.182,34.958,7.182,34.958
Ytre_Utsira,2022-07-01,200,7.254,35.055,7.254,35.055
Ytre_Utsira,2022-07-01,250,7.238,35.118,7.238,35.118
Ytre_Utsira,2022-08-01,1,16.693,31.288,16.693,31.288
Ytre_Utsira,2022-08-01,5,16.687,31.308,16.687,31.308
Ytre_Utsira,2022-08-01,10,15.997,31.762,15.997,31.762
Ytre_Utsira,2022-08-01,20,14.404,32.543,14.404,32.543
Ytre_Utsira,2022-08-01,30,12.726,33.78,12.726,33.78
Ytre_Utsira,2022-08-01,50,10.441,34.483,10.441,34.483
Ytre_Utsira,2022-08-01,75,8.318,34.836,8.318,34.836
Ytre_Utsira,2022-08-01,100,7.872,34.924,7.872,34.924
Ytre_Utsira,2022-08-01,125,7.262,34.919,7.262,34.919
Ytre_Utsira,2022-08-01,150,7.208,34.994,7.208,34.994
Ytre_Utsira,2022-08-01,200,7.239,35.079,7.239,35.079
Ytre_Utsira,2022-08-01,250,7.219,35.138,7.219,35.138
Ytre_Utsira,2022-09-01,1,15.606,29.158,15.606,29.158
Ytre_Utsira,2022-09-01,5,15.458,29.581,15.458,29.581
Ytre_Utsira,2022-09-01,10,14.88,30.911,14.88,30.911
Ytre_Utsira,2022-09-01,20,14.295,32.17,14.295,32.17
Ytre_Utsira,2022-09-01,30,13.056,33.098,13.056,33.098
Ytre_Utsira,2022-09-01,50,10.839,34.11,10.839,34.11
Ytre_Utsira,2022-09-01,75,9.121,34.76,9.121,34.76
Ytre_Utsira,2022-09-01,100,7.876,34.934,7.876,34.934
Ytre_Utsira,2022-09-01,125,7.433,34.992,7.433,34.992
Ytre_Utsira,2022-09-01,150,7.273,35.028,7.273,35.028
Ytre_Utsira,2022-09-01,200,7.336,35.106,7.336,35.106
Ytre_Utsira,2022-09-01,250,7.261,35.149,7.261,35.149
Ytre_Utsira,2022-10-01,1,12.248,31.534,12.248,31.534
Ytre_Utsira,2022-10-01,5,12.535,32.053,12.535,32.053
Ytre_Utsira,2022-10-01,10,12.695,32.37,12.695,32.37
Ytre_Utsira,2022-10-01,20,12.799,32.786,12.799,32.786
Ytre_Utsira,2022-10-01,30,12.529,33.707,12.529,33.707
Ytre_Utsira,2022-10-01,50,11.646,34.61,11.646,34.61
Ytre_Utsira,2022-10-01,75,10.205,34.796,10.205,34.796
Ytre_Utsira,2022-10-01,100,9.354,34.921,9.354,34.921
Ytre_Utsira,2022-10-01,125,8.414,34.986,8.414,34.986
Ytre_Utsira,2022-10-01,150,7.955,35.026,7.955,35.026
Ytre_Utsira,2022-10-01,200,7.557,35.082,7.557,35.082
Ytre_Utsira,2022-10-01,250,7.293,35.16,7.293,35.16
Ytre_Utsira,2022-11-01,1,11.883,33.035,11.883,33.035
Ytre_Utsira,2022-11-01,5,11.963,33.147,11.963,33.147
Ytre_Utsira,2022-11-01,10,12.077,33.426,12.077,33.426
Ytre_Utsira,2022-11-01,20,12.22,33.88,12.22,33.88
Ytre_Utsira,2022-11-01,30,12.037,34.124,12.037,34.124
Ytre_Utsira,2022-11-01,50,11.961,34.423,11.961,34.423
Ytre_Utsira,2022-11-01,75,11.441,34.655,11.441,34.655
Ytre_Utsira,2022-11-01,100,10.646,34.854,10.646,34.854
Ytre_Utsira,2022-11-01,125,9.526,35.046,9.526,35.046
Ytre_Utsira,2022-11-01,150,8.681,35.073,8.681,35.073
Ytre_Utsira,2022-11-01,200,8.002,35.126,8.002,35.126
Ytre_Utsira,2022-11-01,250,7.319,35.161,7.319,35.161
Ytre_Utsira,2022-12-01,1,9.216,33.4,9.216,33.4
Ytre_Utsira,2022-12-01,5,9.25,33.43,9.25,33.43
Ytre_Utsira,2022-12-01,10,9.353,33.501,9.353,33.501
Ytre_Utsira,2022-12-01,20,9.515,33.632,9.515,33.632
Ytre_Utsira,2022-12-01,30,9.52,33.81,9.52,33.81
Ytre_Utsira,2022-12-01,50,9.666,34.153,9.666,34.153
Ytre_Utsira,2022-12-01,75,9.747,34.521,9.747,34.521
Ytre_Utsira,2022-12-01,100,9.825,34.732,9.825,34.732
Ytre_Utsira,2022-12-01,125,10.186,35.097,10.186,35.097
Ytre_Utsira,2022-12-01,150,10.045,35.16,10.045,35.16
Ytre_Utsira,2022-12-01,200,9.302,35.176,9.302,35.176
Ytre_Utsira,2022-12-01,250,8.355,35.155,8.355,35.155
Ytre_Utsira,2023-01-01,1,7.307,32.95,7.307,32.95
Ytre_Utsira,2023-01-01,5,7.51,33.102,7.51,33.102
Ytre_Utsira,2023-01-01,10,7.516,33.168,7.516,33.168
Ytre_Utsira,2023-01-01,20,7.715,33.301,7.715,33.301
Ytre_Utsira,2023-01-01,30,8.042,33.556,8.042,33.556
Ytre_Utsira,2023-01-01,50,8.612,33.965,8.612,33.965
Ytre_Utsira,2023-01-01,75,9.003,34.341,9.003,34.341
Ytre_Utsira,2023-01-01,100,9.098,34.62,9.098,34.62
Ytre_Utsira,2023-01-01,125,9.132,34.829,9.132,34.829
Ytre_Utsira,2023-01-01,150,9.129,35.002,9.129,35.002
Ytre_Utsira,2023-01-01,200,8.446,35.105,8.446,35.105
Ytre_Utsira,2023-01-01,250,7.524,35.152,7.524,35.152
Ytre_Utsira,2023-02-01,1,7.278,33.76,7.278,33.76
Ytre_Utsira,2023-02-01,5,7.278,33.764,7.278,33.764
Ytre_Utsira,2023-02-01,10,7.269,33.774,7.269,33.774
Ytre_Utsira,2023-02-01,20,7.377,33.825,7.377,33.825
Ytre_Utsira,2023-02-01,30,7.454,33.864,7.454,33.864
Ytre_Utsira,2023-02-01,50,7.851,34.066,7.851,34.066
Ytre_Utsira,2023-02-01,75,8.351,34.508,8.351,34.508
Ytre_Utsira,2023-02-01,100,8.568,34.691,8.568,34.691
Ytre_Utsira,2023-02-01,125,8.552,34.805,8.552,34.805
Ytre_Utsira,2023-02-01,150,8.519,34.874,8.519,34.874
Ytre_Utsira,2023-02-01,200,8.549,34.985,8.549,34.985
Ytre_Utsira,2023-02-01,250,8.199,35.069,8.199,35.069
Ytre_Utsira,2023-03-01,1,6.653,33.819,6.653,33.819
Ytre_Utsira,2023-03-01,5,6.649,33.829,6.649,33.829
Ytre_Utsira,2023-03-01,10,6.66,33.84,6.66,33.84
Ytre_Utsira,2023-03-01,20,6.637,33.91,6.637,33.91
Ytre_Utsira,2023-03-01,30,6.699,33.943,6.699,33.943
Ytre_Utsira,2023-03-01,50,7.179,34.174,7.179,34.174
Ytre_Utsira,2023-03-01,75,7.959,34.545,7.959,34.545
Ytre_Utsira,2023-03-01,100,8.204,34.732,8.204,34.732
Ytre_Utsira,2023-03-01,125,8.229,34.816,8.229,34.816
Ytre_Utsira,2023-03-01,150,8.232,34.894,8.232,34.894
Ytre_Utsira,2023-03-01,200,8.303,35.07,8.303,35.07
Ytre_Utsira,2023-03-01,250,7.967,35.125,7.967,35.125
Ytre_Utsira,2023-04-01,5,6.487,32.387,6.487,32.387
Ytre_Utsira,2023-04-01,10,6.464,32.705,6.464,32.705
Ytre_Utsira,2023-04-01,20,6.197,33.009,6.197,33.009
Ytre_Utsira,2023-04-01,30,6.239,33.458,6.239,33.458
Ytre_Utsira,2023-04-01,50,6.393,33.728,6.393,33.728
Ytre_Utsira,2023-04-01,75,6.663,34.032,6.663,34.032
Ytre_Utsira,2023-04-01,100,7.022,34.32,7.022,34.32
Ytre_Utsira,2023-04-01,125,7.495,34.658,7.495,34.658
Ytre_Utsira,2023-04-01,150,7.853,34.86,7.853,34.86
Ytre_Utsira,2023-04-01,200,8.047,34.977,8.047,34.977
Ytre_Utsira,2023-04-01,250,8.315,35.16,8.315,35.16
Ytre_Utsira,2023-04-01,250,7.874,35.148,7.874,35.148
Ytre_Utsira,2023-05-01,1,7.959,31.75,7.959,31.75
Ytre_Utsira,2023-05-01,5,7.889,31.755,7.889,31.755
Ytre_Utsira,2023-05-01,10,7.755,31.829,7.755,31.829
Ytre_Utsira,2023-05-01,20,7.522,32.02,7.522,32.02
Ytre_Utsira,2023-05-01,30,7.163,33.079,7.163,33.079
Ytre_Utsira,2023-05-01,50,7.18,34.125,7.18,34.125
Ytre_Utsira,2023-05-01,75,7.584,34.535,7.584,34.535
Ytre_Utsira,2023-05-01,100,7.708,34.808,7.708,34.808
Ytre_Utsira,2023-05-01,125,7.938,34.97,7.938,34.97
Ytre_Utsira,2023-05-01,150,8.05,35.058,8.05,35.058
Ytre_Utsira,2023-05-01,200,7.899,35.121,7.899,35.121
Ytre_Utsira,2023-05-01,250,7.732,35.148,7.732,35.148
Ytre_Utsira,2023-06-01,1,12.528,32.49,12.528,32.49
Ytre_Utsira,2023-06-01,5,11.064,32.799,11.064,32.799
Ytre_Utsira,2023-06-01,10,9.595,33.305,9.595,33.305
Ytre_Utsira,2023-06-01,20,7.783,33.857,7.783,33.857
Ytre_Utsira,2023-06-01,30,7.716,34.322,7.716,34.322
Ytre_Utsira,2023-06-01,50,7.842,34.687,7.842,34.687
Ytre_Utsira,2023-06-01,75,7.742,34.856,7.742,34.856
Ytre_Utsira,2023-06-01,100,7.762,34.976,7.762,34.976
Ytre_Utsira,2023-06-01,125,7.809,35.039,7.809,35.039
Ytre_Utsira,2023-06-01,150,7.782,35.075,7.782,35.075
Ytre_Utsira,2023-06-01,200,7.73,35.128,7.73,35.128
Ytre_Utsira,2023-06-01,250,7.608,35.138,7.608,35.138
Ytre_Utsira,2023-07-01,1,15.365,30.833,15.365,30.833
Ytre_Utsira,2023-07-01,5,15.272,31.143,15.272,31.143
Ytre_Utsira,2023-07-01,10,14.721,31.578,14.721,31.578
Ytre_Utsira,2023-07-01,20,11.202,33.003,11.202,33.003
Ytre_Utsira,2023-07-01,30,8.78,33.986,8.78,33.986
Ytre_Utsira,2023-07-01,50,7.895,34.518,7.895,34.518
Ytre_Utsira,2023-07-01,75,7.624,34.759,7.624,34.759
Ytre_Utsira,2023-07-01,100,7.592,34.871,7.592,34.871
Ytre_Utsira,2023-07-01,125,7.692,34.956,7.692,34.956
Ytre_Utsira,2023-07-01,150,7.696,35.0,7.696,35.0
Ytre_Utsira,2023-07-01,200,7.734,35.063,7.734,35.063
Ytre_Utsira,2023-07-01,250,7.684,35.104,7.684,35.104
Ytre_Utsira,2023-08-01,1,15.108,31.904,15.108,31.904
Ytre_Utsira,2023-08-01,5,15.06,32.059,15.06,32.059
Ytre_Utsira,2023-08-01,10,14.805,32.544,14.805,32.544
Ytre_Utsira,2023-08-01,20,13.809,33.129,13.809,33.129
Ytre_Utsira,2023-08-01,30,12.037,33.688,12.037,33.688
Ytre_Utsira,2023-08-01,50,10.191,34.234,10.191,34.234
Ytre_Utsira,2023-08-01,75,8.57,34.632,8.57,34.632
Ytre_Utsira,2023-08-01,100,7.728,34.898,7.728,34.898
Ytre_Utsira,2023-08-01,125,7.76,34.952,7.76,34.952
Ytre_Utsira,2023-08-01,150,7.785,34.996,7.785,34.996
Ytre_Utsira,2023-08-01,200,7.665,35.084,7.665,35.084
Ytre_Utsira,2023-08-01,250,7.618,35.122,7.618,35.122
Ytre_Utsira,2023-09-01,1,16.219,31.403,16.219,31.403
Ytre_Utsira,2023-09-01,5,16.217,31.451,16.217,31.451
Ytre_Utsira,2023-09-01,10,16.183,31.534,16.183,31.534
Ytre_Utsira,2023-09-01,20,16.114,31.783,16.114,31.783
Ytre_Utsira,2023-09-01,30,15.369,32.555,15.369,32.555
Ytre_Utsira,2023-09-01,50,13.14,33.566,13.14,33.566
Ytre_Utsira,2023-09-01,75,9.251,34.535,9.251,34.535
Ytre_Utsira,2023-09-01,100,8.0,34.851,8.0,34.851
Ytre_Utsira,2023-09-01,125,7.685,34.948,7.685,34.948
Ytre_Utsira,2023-09-01,150,7.638,34.998,7.638,34.998
Ytre_Utsira,2023-09-01,200,7.582,35.064,7.582,35.064
Ytre_Utsira,2023-09-01,250,7.58,35.117,7.58,35.117
Ytre_Utsira,2023-10-01,1,13.952,31.994,13.952,31.994
Ytre_Utsira,2023-10-01,5,13.947,32.027,13.947,32.027
Ytre_Utsira,2023-10-01,10,13.904,32.272,13.904,32.272
Ytre_Utsira,2023-10-01,20,13.751,32.776,13.751,32.776
Ytre_Utsira,2023-10-01,30,13.689,32.909,13.689,32.909
Ytre_Utsira,2023-10-01,50,12.521,33.804,12.521,33.804
Ytre_Utsira,2023-10-01,75,10.767,34.225,10.767,34.225
Ytre_Utsira,2023-10-01,100,9.829,34.524,9.829,34.524
Ytre_Utsira,2023-10-01,125,8.954,34.818,8.954,34.818
Ytre_Utsira,2023-10-01,150,8.439,34.895,8.439,34.895
Ytre_Utsira,2023-10-01,200,7.735,35.036,7.735,35.036
Ytre_Utsira,2023-10-01,250,7.647,35.12,7.647,35.12
Ytre_Utsira,2023-11-01,1,10.024,32.866,10.024,32.866
Ytre_Utsira,2023-11-01,5,10.076,32.954,10.076,32.954
Ytre_Utsira,2023-11-01,10,10.065,32.973,10.065,32.973
Ytre_Utsira,2023-11-01,20,10.173,33.102,10.173,33.102
Ytre_Utsira,2023-11-01,30,10.286,33.297,10.286,33.297
Ytre_Utsira,2023-11-01,50,10.381,33.538,10.381,33.538
Ytre_Utsira,2023-11-01,75,10.418,33.903,10.418,33.903
Ytre_Utsira,2023-11-01,100,10.296,34.157,10.296,34.157
Ytre_Utsira,2023-11-01,125,10.221,34.508,10.221,34.508
Ytre_Utsira,2023-11-01,150,9.753,34.902,9.753,34.902
Ytre_Utsira,2023-11-01,200,8.456,35.134,8.456,35.134
Ytre_Utsira,2023-11-01,250,7.962,35.154,7.962,35.154
Ytre_Utsira,2023-12-01,1,7.691,32.324,7.691,32.324
Ytre_Utsira,2023-12-01,5,7.728,32.437,7.728,32.437
Ytre_Utsira,2023-12-01,10,7.754,32.462,7.754,32.462
Ytre_Utsira,2023-12-01,20,7.903,32.561,7.903,32.561
Ytre_Utsira,2023-12-01,30,8.194,32.811,8.194,32.811
Ytre_Utsira,2023-12-01,50,8.86,33.399,8.86,33.399
Ytre_Utsira,2023-12-01,75,9.21,33.81,9.21,33.81
Ytre_Utsira,2023-12-01,100,9.578,34.292,9.578,34.292
Ytre_Utsira,2023-12-01,125,9.36,34.663,9.36,34.663
Ytre_Utsira,2023-12-01,150,9.171,34.889,9.171,34.889
Ytre_Utsira,2023-12-01,200,8.675,35.134,8.675,35.134
Ytre_Utsira,2023-12-01,250,8.025,35.14,8.025,35.14
Ytre_Utsira,2024-01-01,1,6.072,32.311,6.072,32.311
Ytre_Utsira,2024-01-01,5,6.106,32.37,6.106,32.37
Ytre_Utsira,2024-01-01,10,6.184,32.404,6.184,32.404
Ytre_Utsira,2024-01-01,20,6.312,32.504,6.312,32.504
Ytre_Utsira,2024-01-01,30,6.788,32.804,6.788,32.804
Ytre_Utsira,2024-01-01,50,7.271,33.147,7.271,33.147
Ytre_Utsira,2024-01-01,75,7.531,33.465,7.531,33.465
Ytre_Utsira,2024-01-01,100,8.044,33.843,8.044,33.843
Ytre_Utsira,2024-01-01,125,8.877,34.451,8.877,34.451
Ytre_Utsira,2024-01-01,150,8.846,34.812,8.846,34.812
Ytre_Utsira,2024-01-01,200,8.519,35.054,8.519,35.054
Ytre_Utsira,2024-01-01,250,8.203,35.145,8.203,35.145
Ytre_Utsira,2024-02-01,1,5.352,33.193,5.352,33.193
Ytre_Utsira,2024-02-01,5,5.351,33.215,5.351,33.215
Ytre_Utsira,2024-02-01,10,5.431,33.275,5.431,33.275
Ytre_Utsira,2024-02-01,20,5.553,33.43,5.553,33.43
Ytre_Utsira,2024-02-01,30,5.607,33.454,5.607,33.454
Ytre_Utsira,2024-02-01,50,5.815,33.562,5.815,33.562
Ytre_Utsira,2024-02-01,75,6.571,33.911,6.571,33.911
Ytre_Utsira,2024-02-01,100,6.989,34.202,6.989,34.202
Ytre_Utsira,2024-02-01,125,7.407,34.46,7.407,34.46
Ytre_Utsira,2024-02-01,150,7.611,34.62,7.611,34.62
Ytre_Utsira,2024-02-01,200,7.9,34.893,7.9,34.893
Ytre_Utsira,2024-02-01,250,7.882,35.134,7.882,35.134
Ytre_Utsira,2024-03-01,1,4.716,30.887,4.716,30.887
Ytre_Utsira,2024-03-01,5,4.845,31.1,4.845,31.1
Ytre_Utsira,2024-03-01,10,4.99,31.619,4.99,31.619
Ytre_Utsira,2024-03-01,20,5.124,32.696,5.124,32.696
Ytre_Utsira,2024-03-01,30,5.261,33.014,5.261,33.014
Ytre_Utsira,2024-03-01,50,5.408,33.254,5.408,33.254
Ytre_Utsira,2024-03-01,75,6.051,33.851,6.051,33.851
Ytre_Utsira,2024-03-01,100,6.251,34.085,6.251,34.085
Ytre_Utsira,2024-03-01,125,6.903,34.519,6.903,34.519
Ytre_Utsira,2024-03-01,150,7.211,34.709,7.211,34.709
Ytre_Utsira,2024-03-01,200,7.852,35.131,7.852,35.131
Ytre_Utsira,2024-03-01,250,7.678,35.152,7.678,35.152
Ytre_Utsira,2024-04-01,1,6.213,27.53,6.213,27.53
Ytre_Utsira,2024-04-01,5,5.871,28.394,5.871,28.394
Ytre_Utsira,2024-04-01,10,5.855,28.991,5.855,28.991
Ytre_Utsira,2024-04-01,20,5.819,31.098,5.819,31.098
Ytre_Utsira,2024-04-01,30,5.793,32.188,5.793,32.188
Ytre_Utsira,2024-04-01,50,5.818,33.169,5.818,33.169
Ytre_Utsira,2024-04-01,75,6.292,34.045,6.292,34.045
Ytre_Utsira,2024-04-01,100,6.878,34.593,6.878,34.593
Ytre_Utsira,2024-04-01,125,7.091,34.771,7.091,34.771
Ytre_Utsira,2024-04-01,150,7.242,34.874,7.242,34.874
Ytre_Utsira,2024-04-01,200,7.334,34.998,7.334,34.998
Ytre_Utsira,2024-04-01,250,7.388,35.1,7.388,35.1
Ytre_Utsira,2024-05-01,1,12.457,28.268,12.457,28.268
Ytre_Utsira,2024-05-01,5,12.457,28.306,12.457,28.306
Ytre_Utsira,2024-05-01,10,11.539,29.038,11.539,29.038
Ytre_Utsira,2024-05-01,20,10.102,31.235,10.102,31.235
Ytre_Utsira,2024-05-01,30,8.515,32.729,8.515,32.729
Ytre_Utsira,2024-05-01,50,7.181,33.825,7.181,33.825
Ytre_Utsira,2024-05-01,75,6.887,34.421,6.887,34.421
Ytre_Utsira,2024-05-01,100,6.635,34.618,6.635,34.618
Ytre_Utsira,2024-05-01,125,6.828,34.766,6.828,34.766
Ytre_Utsira,2024-05-01,150,7.08,34.886,7.08,34.886
Ytre_Utsira,2024-05-01,200,7.473,35.091,7.473,35.091
Ytre_Utsira,2024-05-01,250,7.354,35.146,7.354,35.146
Ytre_Utsira,2024-06-01,1,13.584,29.199,13.584,29.199
Ytre_Utsira,2024-06-01,5,13.168,29.496,13.168,29.496
Ytre_Utsira,2024-06-01,10,11.968,30.345,11.968,30.345
Ytre_Utsira,2024-06-01,20,9.814,32.538,9.814,32.538
Ytre_Utsira,2024-06-01,30,8.937,33.636,8.937,33.636
Ytre_Utsira,2024-06-01,50,8.046,34.406,8.046,34.406
Ytre_Utsira,2024-06-01,75,7.064,34.57,7.064,34.57
Ytre_Utsira,2024-06-01,100,6.979,34.664,6.979,34.664
Ytre_Utsira,2024-06-01,125,6.924,34.762,6.924,34.762
Ytre_Utsira,2024-06-01,150,6.99,34.844,6.99,34.844
Ytre_Utsira,2024-06-01,200,7.126,34.978,7.126,34.978
Ytre_Utsira,2024-06-01,250,7.247,35.092,7.247,35.092
Ytre_Utsira,2024-07-01,1,15.968,30.134,15.968,30.134
Ytre_Utsira,2024-07-01,5,15.875,30.554,15.875,30.554
Ytre_Utsira,2024-07-01,10,15.548,30.944,15.548,30.944
Ytre_Utsira,2024-07-01,20,13.631,32.054,13.631,32.054
Ytre_Utsira,2024-07-01,30,11.982,33.466,11.982,33.466
Ytre_Utsira,2024-07-01,50,9.732,34.283,9.732,34.283
Ytre_Utsira,2024-07-01,75,8.39,34.479,8.39,34.479
Ytre_Utsira,2024-07-01,100,7.448,34.655,7.448,34.655
Ytre_Utsira,2024-07-01,125,7.293,34.755,7.293,34.755
Ytre_Utsira,2024-07-01,150,7.264,34.836,7.264,34.836
Ytre_Utsira,2024-07-01,200,7.435,35.027,7.435,35.027
Ytre_Utsira,2024-07-01,250,7.374,35.136,7.374,35.136
Ytre_Utsira,2024-08-01,1,16.564,31.858,16.564,31.858
Ytre_Utsira,2024-08-01,5,16.568,31.915,16.568,31.915
Ytre_Utsira,2024-08-01,10,16.539,31.984,16.539,31.984
Ytre_Utsira,2024-08-01,20,15.829,32.656,15.829,32.656
Ytre_Utsira,2024-08-01,30,14.204,33.443,14.204,33.443
Ytre_Utsira,2024-08-01,50,11.358,34.245,11.358,34.245
Ytre_Utsira,2024-08-01,75,9.784,34.47,9.784,34.47
Ytre_Utsira,2024-08-01,100,7.966,34.661,7.966,34.661
Ytre_Utsira,2024-08-01,125,7.152,34.759,7.152,34.759
Ytre_Utsira,2024-08-01,150,7.044,34.86,7.044,34.86
Ytre_Utsira,2024-08-01,200,7.247,34.988,7.247,34.988
Ytre_Utsira,2024-08-01,250,7.32,35.098,7.32,35.098
Ytre_Utsira,2024-09-01,1,16.037,31.36,16.037,31.36
Ytre_Utsira,2024-09-01,5,16.059,31.468,16.059,31.468
Ytre_Utsira,2024-09-01,10,16.087,31.533,16.087,31.533
Ytre_Utsira,2024-09-01,20,15.943,32.02,15.943,32.02
Ytre_Utsira,2024-09-01,30,15.7,32.897,15.7,32.897
Ytre_Utsira,2024-09-01,50,14.672,33.948,14.672,33.948
Ytre_Utsira,2024-09-01,75,12.242,34.472,12.242,34.472
Ytre_Utsira,2024-09-01,100,8.629,34.762,8.629,34.762
Ytre_Utsira,2024-09-01,125,7.464,34.817,7.464,34.817
Ytre_Utsira,2024-09-01,150,7.29,34.872,7.29,34.872
Ytre_Utsira,2024-09-01,200,7.168,34.998,7.168,34.998
Ytre_Utsira,2024-09-01,250,7.254,35.069,7.254,35.069
Ytre_Utsira,2024-10-01,1,13.145,32.423,13.145,32.423
Ytre_Utsira,2024-10-01,5,13.25,32.49,13.25,32.49
Ytre_Utsira,2024-10-01,10,13.152,32.608,13.152,32.608
Ytre_Utsira,2024-10-01,20,13.452,33.237,13.452,33.237
Ytre_Utsira,2024-10-01,30,12.927,33.592,12.927,33.592
Ytre_Utsira,2024-10-01,50,11.917,34.254,11.917,34.254
Ytre_Utsira,2024-10-01,75,9.542,34.682,9.542,34.682
Ytre_Utsira,2024-10-01,100,8.148,34.84,8.148,34.84
Ytre_Utsira,2024-10-01,125,7.482,34.918,7.482,34.918
Ytre_Utsira,2024-10-01,150,7.237,34.96,7.237,34.96
Ytre_Utsira,2024-10-01,200,7.282,35.04,7.282,35.04
Ytre_Utsira,2024-10-01,250,7.339,35.118,7.339,35.118
Ytre_Utsira,2024-11-01,1,11.272,32.419,11.272,32.419
Ytre_Utsira,2024-11-01,5,11.282,32.467,11.282,32.467
Ytre_Utsira,2024-11-01,10,11.347,32.671,11.347,32.671
Ytre_Utsira,2024-11-01,20,11.81,33.38,11.81,33.38
Ytre_Utsira,2024-11-01,30,11.85,33.972,11.85,33.972
Ytre_Utsira,2024-11-01,50,11.778,34.516,11.778,34.516
Ytre_Utsira,2024-11-01,75,10.514,34.797,10.514,34.797
Ytre_Utsira,2024-11-01,100,9.047,34.894,9.047,34.894
Ytre_Utsira,2024-11-01,125,8.555,34.928,8.555,34.928
Ytre_Utsira,2024-11-01,150,8.108,34.938,8.108,34.938
Ytre_Utsira,2024-11-01,200,7.615,34.987,7.615,34.987
Ytre_Utsira,2024-11-01,250,7.372,35.085,7.372,35.085
Ytre_Utsira,2024-12-01,1,8.834,33.401,8.834,33.401
Ytre_Utsira,2024-12-01,5,8.842,33.444,8.842,33.444
Ytre_Utsira,2024-12-01,10,8.851,33.466,8.851,33.466
Ytre_Utsira,2024-12-01,20,8.856,33.617,8.856,33.617
Ytre_Utsira,2024-12-01,30,8.88,33.803,8.88,33.803
Ytre_Utsira,2024-12-01,50,9.227,34.205,9.227,34.205
Ytre_Utsira,2024-12-01,75,9.601,34.727,9.601,34.727
Ytre_Utsira,2024-12-01,100,9.133,34.891,9.133,34.891
Ytre_Utsira,2024-12-01,125,9.019,34.979,9.019,34.979
Ytre_Utsira,2024-12-01,150,8.637,35.026,8.637,35.026
Ytre_Utsira,2024-12-01,200,8.173,35.075,8.173,35.075
Ytre_Utsira,2024-12-01,250,7.727,35.086,7.727,35.086
